,Unnamed: 0,NAME,Brand,MC,ZONE,Price_Range
0,5743,SANGIS KITCHEN PANCH PHORAN PP 50g,'SANGI''S KITCHEN',Panch Phoron Whole,EAST,20.39473684 - 36.33333333
1,5744,SANGIS KITCHEN PANCH PHORAN PP 50g,'SANGI''S KITCHEN',Panch Phoron Whole,NORTH,20.39473684 - 36.33333333
2,5745,SANGIS KITCHEN PANCH PHORAN PP 50g,'SANGI''S KITCHEN',Panch Phoron Whole,SOUTH,20.39473684 - 36.33333333
3,5746,SANGIS KITCHEN PANCH PHORAN PP 50g,'SANGI''S KITCHEN',Panch Phoron Whole,WEST,20.39473684 - 36.33333333
4,2820,GH TUR DAL PREM 500g,GOLDEN HARVEST,Toor Dal,EAST,37.29014308 - 58.78378378
5,2821,GH TUR DAL PREM 500g,GOLDEN HARVEST,Toor Dal,NORTH,37.29014308 - 58.78378378
6,2822,GH TUR DAL PREM 500g,GOLDEN HARVEST,Toor Dal,SOUTH,37.29014308 - 58.78378378
7,2823,GH TUR DAL PREM 500g,GOLDEN HARVEST,Toor Dal,WEST,37.29014308 - 58.78378378
8,3565,GOLDEN HARVEST CHAKKI FRESH ATTA PP 1K,GOLDEN HARVEST,Wheat Flour,EAST,23.86578947 - 46.18256131
9,3566,GOLDEN HARVEST CHAKKI FRESH ATTA PP 1K,GOLDEN HARVEST,Wheat Flour,NORTH,23.86578947 - 46.18256131
10,3567,GOLDEN HARVEST CHAKKI FRESH ATTA PP 1K,GOLDEN HARVEST,Wheat Flour,SOUTH,23.86578947 - 46.18256131
11,3568,GOLDEN HARVEST CHAKKI FRESH ATTA PP 1K,GOLDEN HARVEST,Wheat Flour,WEST,23.86578947 - 46.18256131
12,526,DESI ATTA CO MEDU VADA MIX PP 200g,DESI ATTA,South Indian Mixes,EAST,67.58461538 - 82.0
13,527,DESI ATTA CO MEDU VADA MIX PP 200g,DESI ATTA,South Indian Mixes,NORTH,67.58461538 - 82.0
14,528,DESI ATTA CO MEDU VADA MIX PP 200g,DESI ATTA,South Indian Mixes,SOUTH,67.58461538 - 82.0
15,529,DESI ATTA CO MEDU VADA MIX PP 200g,DESI ATTA,South Indian Mixes,WEST,67.58461538 - 82.0
16,4486,MOTHER EARTH HAND POUNDED RICE 1Kg,MOTHER EARTH,Other Raw Rice,EAST,82.65822785 - 105.0
17,4487,MOTHER EARTH HAND POUNDED RICE 1Kg,MOTHER EARTH,Other Raw Rice,NORTH,82.65822785 - 105.0
18,4488,MOTHER EARTH HAND POUNDED RICE 1Kg,MOTHER EARTH,Other Raw Rice,SOUTH,82.65822785 - 105.0
19,4489,MOTHER EARTH HAND POUNDED RICE 1Kg,MOTHER EARTH,Other Raw Rice,WEST,82.65822785 - 105.0
20,2511,GH RICE PULAV 5Kg,GOLDEN HARVEST,Standard Rice,EAST,341.2731707 - 725.0
21,2512,GH RICE PULAV 5Kg,GOLDEN HARVEST,Standard Rice,NORTH,341.2731707 - 725.0
22,2513,GH RICE PULAV 5Kg,GOLDEN HARVEST,Standard Rice,SOUTH,341.2731707 - 725.0
23,2514,GH RICE PULAV 5Kg,GOLDEN HARVEST,Standard Rice,WEST,341.2731707 - 725.0
24,565,DESI ATTA CO UPWAS PARANTHA ATTA PP 200g,DESI ATTA,Upwas Flour,EAST,39.67272727 - 56.8220339
25,566,DESI ATTA CO UPWAS PARANTHA ATTA PP 200g,DESI ATTA,Upwas Flour,NORTH,39.67272727 - 56.8220339
26,567,DESI ATTA CO UPWAS PARANTHA ATTA PP 200g,DESI ATTA,Upwas Flour,SOUTH,39.67272727 - 56.8220339
27,568,DESI ATTA CO UPWAS PARANTHA ATTA PP 200g,DESI ATTA,Upwas Flour,WEST,39.67272727 - 56.8220339
28,2870,GH WATANA GREEN 500g,GOLDEN HARVEST,Watana Whole,EAST,36.160415 - 69.56300997
29,2871,GH WATANA GREEN 500g,GOLDEN HARVEST,Watana Whole,NORTH,36.160415 - 69.56300997
30,2872,GH WATANA GREEN 500g,GOLDEN HARVEST,Watana Whole,SOUTH,36.160415 - 69.56300997
31,2873,GH WATANA GREEN 500g,GOLDEN HARVEST,Watana Whole,WEST,36.160415 - 69.56300997
32,3261,GH WHO SPICE YELLW MUSTARD 100g,GOLDEN HARVEST,Mustard/Rai Whole,EAST,10.75619835 - 17.34883721
33,3262,GH WHO SPICE YELLW MUSTARD 100g,GOLDEN HARVEST,Mustard/Rai Whole,NORTH,10.75619835 - 17.34883721
34,3263,GH WHO SPICE YELLW MUSTARD 100g,GOLDEN HARVEST,Mustard/Rai Whole,SOUTH,10.75619835 - 17.34883721
35,3264,GH WHO SPICE YELLW MUSTARD 100g,GOLDEN HARVEST,Mustard/Rai Whole,WEST,10.75619835 - 17.34883721
36,618,DESI ATTA KUTTU/BUCKWHEAT  PP 200g,DESI ATTA,Upwas Flour,EAST,42.97945205 - 60.125
37,619,DESI ATTA KUTTU/BUCKWHEAT  PP 200g,DESI ATTA,Upwas Flour,NORTH,42.97945205 - 60.125
38,620,DESI ATTA KUTTU/BUCKWHEAT  PP 200g,DESI ATTA,Upwas Flour,SOUTH,42.97945205 - 60.125
39,621,DESI ATTA KUTTU/BUCKWHEAT  PP 200g,DESI ATTA,Upwas Flour,WEST,42.97945205 - 60.125
40,1033,FRESH & PURE SUNFLOWER OIL JR 5L,FRESH & PURE,Sunflower Oil,EAST,381.0774632 - 545.7420597
41,1034,FRESH & PURE SUNFLOWER OIL JR 5L,FRESH & PURE,Sunflower Oil,NORTH,381.0774632 - 545.7420597
42,1035,FRESH & PURE SUNFLOWER OIL JR 5L,FRESH & PURE,Sunflower Oil,SOUTH,381.0774632 - 545.7420597
43,1036,FRESH & PURE SUNFLOWER OIL JR 5L,FRESH & PURE,Sunflower Oil,WEST,381.0774632 - 545.7420597
44,710,DESI ATTA SINGHARA/CHESTNUT PP 200g,DESI ATTA,Upwas Flour,EAST,98.38419619 - 110.1896552
45,711,DESI ATTA SINGHARA/CHESTNUT PP 200g,DESI ATTA,Upwas Flour,NORTH,98.38419619 - 110.1896552
46,712,DESI ATTA SINGHARA/CHESTNUT PP 200g,DESI ATTA,Upwas Flour,SOUTH,98.38419619 - 110.1896552
47,713,DESI ATTA SINGHARA/CHESTNUT PP 200g,DESI ATTA,Upwas Flour,WEST,98.38419619 - 110.1896552
48,1097,GH ATTA 9 GRAIN PP 5Kg,GOLDEN HARVEST,Multigrain Flour,EAST,203.6847662 - 270.7268722
49,1098,GH ATTA 9 GRAIN PP 5Kg,GOLDEN HARVEST,Multigrain Flour,NORTH,203.6847662 - 270.7268722
50,1099,GH ATTA 9 GRAIN PP 5Kg,GOLDEN HARVEST,Multigrain Flour,SOUTH,203.6847662 - 270.7268722
51,1100,GH ATTA 9 GRAIN PP 5Kg,GOLDEN HARVEST,Multigrain Flour,WEST,203.6847662 - 270.7268722
52,1921,GH POW SPICE CORIANDER PP 200g,GOLDEN HARVEST,Coriander/Dhania Pow,EAST,37.23964013 - 62.20926097
53,1922,GH POW SPICE CORIANDER PP 200g,GOLDEN HARVEST,Coriander/Dhania Pow,NORTH,37.23964013 - 62.20926097
54,1923,GH POW SPICE CORIANDER PP 200g,GOLDEN HARVEST,Coriander/Dhania Pow,SOUTH,37.23964013 - 62.20926097
55,1924,GH POW SPICE CORIANDER PP 200g,GOLDEN HARVEST,Coriander/Dhania Pow,WEST,37.23964013 - 62.20926097
56,5700,SANGIS KITCHEN MOTIELAICHI WHOLE PP 100g,'SANGI''S KITCHEN',Cardamom/Elaichi Who,EAST,152.7238095 - 225.0160492
57,5701,SANGIS KITCHEN MOTIELAICHI WHOLE PP 100g,'SANGI''S KITCHEN',Cardamom/Elaichi Who,NORTH,152.7238095 - 225.0160492
58,5702,SANGIS KITCHEN MOTIELAICHI WHOLE PP 100g,'SANGI''S KITCHEN',Cardamom/Elaichi Who,SOUTH,152.7238095 - 225.0160492
59,5703,SANGIS KITCHEN MOTIELAICHI WHOLE PP 100g,'SANGI''S KITCHEN',Cardamom/Elaichi Who,WEST,152.7238095 - 225.0160492
60,1046,FRESH&PURE COW GHEE PP 1L,FRESH & PURE,Cow Ghee,EAST,351.3948394 - 484.7111787
61,1047,FRESH&PURE COW GHEE PP 1L,FRESH & PURE,Cow Ghee,NORTH,351.3948394 - 484.7111787
62,1048,FRESH&PURE COW GHEE PP 1L,FRESH & PURE,Cow Ghee,SOUTH,351.3948394 - 484.7111787
63,1049,FRESH&PURE COW GHEE PP 1L,FRESH & PURE,Cow Ghee,WEST,351.3948394 - 484.7111787
64,549,DESI ATTA CO RAWA IDLI MIX 500g,DESI ATTA,South Indian Mixes,EAST,69.07317073 - 104.0474269
65,550,DESI ATTA CO RAWA IDLI MIX 500g,DESI ATTA,South Indian Mixes,NORTH,69.07317073 - 104.0474269
66,551,DESI ATTA CO RAWA IDLI MIX 500g,DESI ATTA,South Indian Mixes,SOUTH,69.07317073 - 104.0474269
67,552,DESI ATTA CO RAWA IDLI MIX 500g,DESI ATTA,South Indian Mixes,WEST,69.07317073 - 104.0474269
68,3712,GROUNDNUT LOOSE,COP LOOSE,Groundnut,EAST,84.52174785 - 152.7578501
69,3713,GROUNDNUT LOOSE,COP LOOSE,Groundnut,NORTH,84.52174785 - 152.7578501
70,3714,GROUNDNUT LOOSE,COP LOOSE,Groundnut,SOUTH,84.52174785 - 152.7578501
71,3715,GROUNDNUT LOOSE,COP LOOSE,Groundnut,WEST,84.52174785 - 152.7578501
72,1128,GH BANDHANI HING BT 50g,GOLDEN HARVEST,Asafoetida/Hing Powd,EAST,60.68571429 - 73.94400574
73,1129,GH BANDHANI HING BT 50g,GOLDEN HARVEST,Asafoetida/Hing Powd,NORTH,60.68571429 - 73.94400574
74,1130,GH BANDHANI HING BT 50g,GOLDEN HARVEST,Asafoetida/Hing Powd,SOUTH,60.68571429 - 73.94400574
75,1131,GH BANDHANI HING BT 50g,GOLDEN HARVEST,Asafoetida/Hing Powd,WEST,60.68571429 - 73.94400574
76,686,DESI ATTA RICE ATTA PP 1Kg,DESI ATTA,Rice Based Flour,EAST,45.24390244 - 57.26215443
77,687,DESI ATTA RICE ATTA PP 1Kg,DESI ATTA,Rice Based Flour,NORTH,45.24390244 - 57.26215443
78,688,DESI ATTA RICE ATTA PP 1Kg,DESI ATTA,Rice Based Flour,SOUTH,45.24390244 - 57.26215443
79,689,DESI ATTA RICE ATTA PP 1Kg,DESI ATTA,Rice Based Flour,WEST,45.24390244 - 57.26215443
80,510,DESI ATTA CO KHAMAN DHOKLA MIX 200g,DESI ATTA,North Indian Mixes,EAST,29.91935484 - 53.08166667
81,511,DESI ATTA CO KHAMAN DHOKLA MIX 200g,DESI ATTA,North Indian Mixes,NORTH,29.91935484 - 53.08166667
82,512,DESI ATTA CO KHAMAN DHOKLA MIX 200g,DESI ATTA,North Indian Mixes,SOUTH,29.91935484 - 53.08166667
83,513,DESI ATTA CO KHAMAN DHOKLA MIX 200g,DESI ATTA,North Indian Mixes,WEST,29.91935484 - 53.08166667
84,969,EKTAA WHEAT DALIYA SMALL PP 1Kg,EKTAA,Daliya,EAST,46.75 - 71.6565035
85,970,EKTAA WHEAT DALIYA SMALL PP 1Kg,EKTAA,Daliya,NORTH,46.75 - 71.6565035
86,971,EKTAA WHEAT DALIYA SMALL PP 1Kg,EKTAA,Daliya,SOUTH,46.75 - 71.6565035
87,972,EKTAA WHEAT DALIYA SMALL PP 1Kg,EKTAA,Daliya,WEST,46.75 - 71.6565035
88,3871,KARMIQ CASHEW PREMIUM PP 500g,KARMIQ,Cashew,EAST,363.2328358 - 878.8667474
89,3872,KARMIQ CASHEW PREMIUM PP 500g,KARMIQ,Cashew,NORTH,363.2328358 - 878.8667474
90,3873,KARMIQ CASHEW PREMIUM PP 500g,KARMIQ,Cashew,SOUTH,363.2328358 - 878.8667474
91,3874,KARMIQ CASHEW PREMIUM PP 500g,KARMIQ,Cashew,WEST,363.2328358 - 878.8667474
92,3061,GH WHO SPICE GUNTUR CHILLI 100g,GOLDEN HARVEST,Chilli/Mirch Whole,EAST,25.36863508 - 48.18492537
93,3062,GH WHO SPICE GUNTUR CHILLI 100g,GOLDEN HARVEST,Chilli/Mirch Whole,NORTH,25.36863508 - 48.18492537
94,3063,GH WHO SPICE GUNTUR CHILLI 100g,GOLDEN HARVEST,Chilli/Mirch Whole,SOUTH,25.36863508 - 48.18492537
95,3064,GH WHO SPICE GUNTUR CHILLI 100g,GOLDEN HARVEST,Chilli/Mirch Whole,WEST,25.36863508 - 48.18492537
96,658,DESI ATTA MULTIGRAIN DOSA MIX PP 500g,DESI ATTA,South Indian Mixes,EAST,87.70108696 - 99.02851852
97,659,DESI ATTA MULTIGRAIN DOSA MIX PP 500g,DESI ATTA,South Indian Mixes,NORTH,87.70108696 - 99.02851852
98,660,DESI ATTA MULTIGRAIN DOSA MIX PP 500g,DESI ATTA,South Indian Mixes,SOUTH,87.70108696 - 99.02851852
99,661,DESI ATTA MULTIGRAIN DOSA MIX PP 500g,DESI ATTA,South Indian Mixes,WEST,87.70108696 - 99.02851852
100,5676,SANGIS KITCHEN KHUSKHUS WHOLE PP 50g,'SANGI''S KITCHEN',Poppy Seed/Khus Khus,EAST,55.19635628 - 75.8819242
101,5677,SANGIS KITCHEN KHUSKHUS WHOLE PP 50g,'SANGI''S KITCHEN',Poppy Seed/Khus Khus,NORTH,55.19635628 - 75.8819242
102,5678,SANGIS KITCHEN KHUSKHUS WHOLE PP 50g,'SANGI''S KITCHEN',Poppy Seed/Khus Khus,SOUTH,55.19635628 - 75.8819242
103,5679,SANGIS KITCHEN KHUSKHUS WHOLE PP 50g,'SANGI''S KITCHEN',Poppy Seed/Khus Khus,WEST,55.19635628 - 75.8819242
104,3217,GH WHO SPICE SAUNF SMALL 100g,GOLDEN HARVEST,Fennel/Saunf Whole,EAST,28.77464789 - 48.14898484
105,3218,GH WHO SPICE SAUNF SMALL 100g,GOLDEN HARVEST,Fennel/Saunf Whole,NORTH,28.77464789 - 48.14898484
106,3219,GH WHO SPICE SAUNF SMALL 100g,GOLDEN HARVEST,Fennel/Saunf Whole,SOUTH,28.77464789 - 48.14898484
107,3220,GH WHO SPICE SAUNF SMALL 100g,GOLDEN HARVEST,Fennel/Saunf Whole,WEST,28.77464789 - 48.14898484
108,3147,GH WHO SPICE MUSTARD BIG 100g,GOLDEN HARVEST,Mustard/Rai Whole,EAST,9.002191914 - 15.11873351
109,3148,GH WHO SPICE MUSTARD BIG 100g,GOLDEN HARVEST,Mustard/Rai Whole,NORTH,9.002191914 - 15.11873351
110,3149,GH WHO SPICE MUSTARD BIG 100g,GOLDEN HARVEST,Mustard/Rai Whole,SOUTH,9.002191914 - 15.11873351
111,3150,GH WHO SPICE MUSTARD BIG 100g,GOLDEN HARVEST,Mustard/Rai Whole,WEST,9.002191914 - 15.11873351
112,1692,GH LAZEEZ BASMATI RICE PP 5kg,GOLDEN HARVEST,Standard Rice,EAST,296.1764706 - 430.8156863
113,1693,GH LAZEEZ BASMATI RICE PP 5kg,GOLDEN HARVEST,Standard Rice,NORTH,296.1764706 - 430.8156863
114,1694,GH LAZEEZ BASMATI RICE PP 5kg,GOLDEN HARVEST,Standard Rice,SOUTH,296.1764706 - 430.8156863
115,1695,GH LAZEEZ BASMATI RICE PP 5kg,GOLDEN HARVEST,Standard Rice,WEST,296.1764706 - 430.8156863
116,1575,GH GROUNDNUT 500g,GOLDEN HARVEST,Groundnut,EAST,46.1015722 - 97.21836497
117,1576,GH GROUNDNUT 500g,GOLDEN HARVEST,Groundnut,NORTH,46.1015722 - 97.21836497
118,1577,GH GROUNDNUT 500g,GOLDEN HARVEST,Groundnut,SOUTH,46.1015722 - 97.21836497
119,1578,GH GROUNDNUT 500g,GOLDEN HARVEST,Groundnut,WEST,46.1015722 - 97.21836497
120,2985,GH WHO SPICE CLOVE 50g,GOLDEN HARVEST,Clove/Laung Whole,EAST,78.28300147 - 118.0758393
121,2986,GH WHO SPICE CLOVE 50g,GOLDEN HARVEST,Clove/Laung Whole,NORTH,78.28300147 - 118.0758393
122,2987,GH WHO SPICE CLOVE 50g,GOLDEN HARVEST,Clove/Laung Whole,SOUTH,78.28300147 - 118.0758393
123,2988,GH WHO SPICE CLOVE 50g,GOLDEN HARVEST,Clove/Laung Whole,WEST,78.28300147 - 118.0758393
124,4649,NATURE CHOICE ROYALE DATES PP 500g,NATURES CHOICE,Dates,EAST,142.9046185 - 207.2297629
125,4650,NATURE CHOICE ROYALE DATES PP 500g,NATURES CHOICE,Dates,NORTH,142.9046185 - 207.2297629
126,4651,NATURE CHOICE ROYALE DATES PP 500g,NATURES CHOICE,Dates,SOUTH,142.9046185 - 207.2297629
127,4652,NATURE CHOICE ROYALE DATES PP 500g,NATURES CHOICE,Dates,WEST,142.9046185 - 207.2297629
128,4157,KARMIQ WALNUT WHOLE PP 1Kg,KARMIQ,Walnut,EAST,485.7692308 - 1103.863719
129,4158,KARMIQ WALNUT WHOLE PP 1Kg,KARMIQ,Walnut,NORTH,485.7692308 - 1103.863719
130,4159,KARMIQ WALNUT WHOLE PP 1Kg,KARMIQ,Walnut,SOUTH,485.7692308 - 1103.863719
131,4160,KARMIQ WALNUT WHOLE PP 1Kg,KARMIQ,Walnut,WEST,485.7692308 - 1103.863719
132,4102,KARMIQ ROSTD & SLTD IRANI PISTA PP 200g,KARMIQ,Flavoured Pista,EAST,180.9931501 - 395.3861066
133,4103,KARMIQ ROSTD & SLTD IRANI PISTA PP 200g,KARMIQ,Flavoured Pista,NORTH,180.9931501 - 395.3861066
134,4104,KARMIQ ROSTD & SLTD IRANI PISTA PP 200g,KARMIQ,Flavoured Pista,SOUTH,180.9931501 - 395.3861066
135,4105,KARMIQ ROSTD & SLTD IRANI PISTA PP 200g,KARMIQ,Flavoured Pista,WEST,180.9931501 - 395.3861066
136,1037,FRESH & PURE SUNFLOWER OIL PP 1L,FRESH & PURE,Sunflower Oil,EAST,35.78932058 - 106.3435673
137,1038,FRESH & PURE SUNFLOWER OIL PP 1L,FRESH & PURE,Sunflower Oil,NORTH,35.78932058 - 106.3435673
138,1039,FRESH & PURE SUNFLOWER OIL PP 1L,FRESH & PURE,Sunflower Oil,SOUTH,35.78932058 - 106.3435673
139,1040,FRESH & PURE SUNFLOWER OIL PP 1L,FRESH & PURE,Sunflower Oil,WEST,35.78932058 - 106.3435673
140,2833,GH URAD DAL CHLK 500g,GOLDEN HARVEST,Urad Chilka,EAST,42.44130769 - 74.54692547
141,2834,GH URAD DAL CHLK 500g,GOLDEN HARVEST,Urad Chilka,NORTH,42.44130769 - 74.54692547
142,2835,GH URAD DAL CHLK 500g,GOLDEN HARVEST,Urad Chilka,SOUTH,42.44130769 - 74.54692547
143,2836,GH URAD DAL CHLK 500g,GOLDEN HARVEST,Urad Chilka,WEST,42.44130769 - 74.54692547
144,1743,GH MATKI WHOLE 500g,GOLDEN HARVEST,Other Whole Pulses,EAST,36.63085106 - 55.66392216
145,1744,GH MATKI WHOLE 500g,GOLDEN HARVEST,Other Whole Pulses,NORTH,36.63085106 - 55.66392216
146,1745,GH MATKI WHOLE 500g,GOLDEN HARVEST,Other Whole Pulses,SOUTH,36.63085106 - 55.66392216
147,1746,GH MATKI WHOLE 500g,GOLDEN HARVEST,Other Whole Pulses,WEST,36.63085106 - 55.66392216
148,4161,KARMIQ WALNUT WHOLE PP 500g,KARMIQ,Walnut,EAST,183.627451 - 476.6645963
149,4162,KARMIQ WALNUT WHOLE PP 500g,KARMIQ,Walnut,NORTH,183.627451 - 476.6645963
150,4163,KARMIQ WALNUT WHOLE PP 500g,KARMIQ,Walnut,SOUTH,183.627451 - 476.6645963
151,4164,KARMIQ WALNUT WHOLE PP 500g,KARMIQ,Walnut,WEST,183.627451 - 476.6645963
152,956,EKTAA UJJAINI POHA PP 500g,EKTAA,Poha/Avalakki/Chirwa,EAST,29.17759285 - 49.23417722
153,957,EKTAA UJJAINI POHA PP 500g,EKTAA,Poha/Avalakki/Chirwa,NORTH,29.17759285 - 49.23417722
154,958,EKTAA UJJAINI POHA PP 500g,EKTAA,Poha/Avalakki/Chirwa,SOUTH,29.17759285 - 49.23417722
155,959,EKTAA UJJAINI POHA PP 500g,EKTAA,Poha/Avalakki/Chirwa,WEST,29.17759285 - 49.23417722
156,4431,MOTHER EARTH BROWN RICE 1Kg,MOTHER EARTH,Health Rice,EAST,99.46153846 - 203.7931034
157,4432,MOTHER EARTH BROWN RICE 1Kg,MOTHER EARTH,Health Rice,NORTH,99.46153846 - 203.7931034
158,4433,MOTHER EARTH BROWN RICE 1Kg,MOTHER EARTH,Health Rice,SOUTH,99.46153846 - 203.7931034
159,4434,MOTHER EARTH BROWN RICE 1Kg,MOTHER EARTH,Health Rice,WEST,99.46153846 - 203.7931034
160,3863,KARMIQ BLK SEEDLESS AFGHN RAISIN TN 100g,KARMIQ,Raisin,EAST,53.89142857 - 145.0
161,3864,KARMIQ BLK SEEDLESS AFGHN RAISIN TN 100g,KARMIQ,Raisin,NORTH,53.89142857 - 145.0
162,3865,KARMIQ BLK SEEDLESS AFGHN RAISIN TN 100g,KARMIQ,Raisin,SOUTH,53.89142857 - 145.0
163,3866,KARMIQ BLK SEEDLESS AFGHN RAISIN TN 100g,KARMIQ,Raisin,WEST,53.89142857 - 145.0
164,578,DESI ATTA DAHI VADA MIX 200g,DESI ATTA,North Indian Mixes,EAST,42.10810811 - 65.11607143
165,579,DESI ATTA DAHI VADA MIX 200g,DESI ATTA,North Indian Mixes,NORTH,42.10810811 - 65.11607143
166,580,DESI ATTA DAHI VADA MIX 200g,DESI ATTA,North Indian Mixes,SOUTH,42.10810811 - 65.11607143
167,581,DESI ATTA DAHI VADA MIX 200g,DESI ATTA,North Indian Mixes,WEST,42.10810811 - 65.11607143
168,4196,KOSH FLOUR WHEAT OAT ATTA PP 5kg,KOSH,Multigrain Flour,EAST,144.9666667 - 290.0
169,4197,KOSH FLOUR WHEAT OAT ATTA PP 5kg,KOSH,Multigrain Flour,NORTH,144.9666667 - 290.0
170,4198,KOSH FLOUR WHEAT OAT ATTA PP 5kg,KOSH,Multigrain Flour,SOUTH,144.9666667 - 290.0
171,4199,KOSH FLOUR WHEAT OAT ATTA PP 5kg,KOSH,Multigrain Flour,WEST,144.9666667 - 290.0
172,1700,GH MAIDA 500g,GOLDEN HARVEST,Maida,EAST,17.22826767 - 28.49557913
173,1701,GH MAIDA 500g,GOLDEN HARVEST,Maida,NORTH,17.22826767 - 28.49557913
174,1702,GH MAIDA 500g,GOLDEN HARVEST,Maida,SOUTH,17.22826767 - 28.49557913
175,1703,GH MAIDA 500g,GOLDEN HARVEST,Maida,WEST,17.22826767 - 28.49557913
176,1953,GH POW SPICE KASHM CHILLI 200g,GOLDEN HARVEST,Chilli/Mirch Powder,EAST,68.23658537 - 122.1725176
177,1954,GH POW SPICE KASHM CHILLI 200g,GOLDEN HARVEST,Chilli/Mirch Powder,NORTH,68.23658537 - 122.1725176
178,1955,GH POW SPICE KASHM CHILLI 200g,GOLDEN HARVEST,Chilli/Mirch Powder,SOUTH,68.23658537 - 122.1725176
179,1956,GH POW SPICE KASHM CHILLI 200g,GOLDEN HARVEST,Chilli/Mirch Powder,WEST,68.23658537 - 122.1725176
180,2038,GH POWSPICECOCONUT 200g,GOLDEN HARVEST,Other Powdered Spice,EAST,60.16849817 - 109.2213542
181,2039,GH POWSPICECOCONUT 200g,GOLDEN HARVEST,Other Powdered Spice,NORTH,60.16849817 - 109.2213542
182,2040,GH POWSPICECOCONUT 200g,GOLDEN HARVEST,Other Powdered Spice,SOUTH,60.16849817 - 109.2213542
183,2041,GH POWSPICECOCONUT 200g,GOLDEN HARVEST,Other Powdered Spice,WEST,60.16849817 - 109.2213542
184,2806,GH TEJ PATTA 25g,GOLDEN HARVEST,Bay Leaf/Tej Patta W,EAST,8.222959522 - 14.23931624
185,2807,GH TEJ PATTA 25g,GOLDEN HARVEST,Bay Leaf/Tej Patta W,NORTH,8.222959522 - 14.23931624
186,2808,GH TEJ PATTA 25g,GOLDEN HARVEST,Bay Leaf/Tej Patta W,SOUTH,8.222959522 - 14.23931624
187,2809,GH TEJ PATTA 25g,GOLDEN HARVEST,Bay Leaf/Tej Patta W,WEST,8.222959522 - 14.23931624
188,3835,KARMIQ ALMOND PREMIUM PP 500g,KARMIQ,Almond,EAST,364.8736559 - 601.0938549
189,3836,KARMIQ ALMOND PREMIUM PP 500g,KARMIQ,Almond,NORTH,364.8736559 - 601.0938549
190,3837,KARMIQ ALMOND PREMIUM PP 500g,KARMIQ,Almond,SOUTH,364.8736559 - 601.0938549
191,3838,KARMIQ ALMOND PREMIUM PP 500g,KARMIQ,Almond,WEST,364.8736559 - 601.0938549
192,2932,GH WHO SPICE BIG SAUNF 200g,GOLDEN HARVEST,Fennel/Saunf Whole,EAST,50.05066079 - 78.43661972
193,2933,GH WHO SPICE BIG SAUNF 200g,GOLDEN HARVEST,Fennel/Saunf Whole,NORTH,50.05066079 - 78.43661972
194,2934,GH WHO SPICE BIG SAUNF 200g,GOLDEN HARVEST,Fennel/Saunf Whole,SOUTH,50.05066079 - 78.43661972
195,2935,GH WHO SPICE BIG SAUNF 200g,GOLDEN HARVEST,Fennel/Saunf Whole,WEST,50.05066079 - 78.43661972
196,1175,GH BESAN 1Kg,GOLDEN HARVEST,Besan,EAST,62.50016228 - 115.5516014
197,1176,GH BESAN 1Kg,GOLDEN HARVEST,Besan,NORTH,62.50016228 - 115.5516014
198,1177,GH BESAN 1Kg,GOLDEN HARVEST,Besan,SOUTH,62.50016228 - 115.5516014
199,1178,GH BESAN 1Kg,GOLDEN HARVEST,Besan,WEST,62.50016228 - 115.5516014
200,481,DESI ATTA CLASSIC DOSA MIX PP 200g,DESI ATTA,South Indian Mixes,EAST,20.7390257 - 48.15686275
201,482,DESI ATTA CLASSIC DOSA MIX PP 200g,DESI ATTA,South Indian Mixes,NORTH,20.7390257 - 48.15686275
202,483,DESI ATTA CLASSIC DOSA MIX PP 200g,DESI ATTA,South Indian Mixes,SOUTH,20.7390257 - 48.15686275
203,484,DESI ATTA CLASSIC DOSA MIX PP 200g,DESI ATTA,South Indian Mixes,WEST,20.7390257 - 48.15686275
204,901,EKTAA NAVSARI POHA PP 1Kg,EKTAA,Poha/Avalakki/Chirwa,EAST,42.82608696 - 92.60405872
205,902,EKTAA NAVSARI POHA PP 1Kg,EKTAA,Poha/Avalakki/Chirwa,NORTH,42.82608696 - 92.60405872
206,903,EKTAA NAVSARI POHA PP 1Kg,EKTAA,Poha/Avalakki/Chirwa,SOUTH,42.82608696 - 92.60405872
207,904,EKTAA NAVSARI POHA PP 1Kg,EKTAA,Poha/Avalakki/Chirwa,WEST,42.82608696 - 92.60405872
208,3951,KARMIQ IN SHELL PISTA SALTED PP 500g,KARMIQ,Flavoured Pista,EAST,578.6885246 - 803.1937662
209,3952,KARMIQ IN SHELL PISTA SALTED PP 500g,KARMIQ,Flavoured Pista,NORTH,578.6885246 - 803.1937662
210,3953,KARMIQ IN SHELL PISTA SALTED PP 500g,KARMIQ,Flavoured Pista,SOUTH,578.6885246 - 803.1937662
211,3954,KARMIQ IN SHELL PISTA SALTED PP 500g,KARMIQ,Flavoured Pista,WEST,578.6885246 - 803.1937662
212,2875,GH WATANA WHITE 500g,GOLDEN HARVEST,Watana Whole,EAST,25.69836807 - 51.57282448
213,2876,GH WATANA WHITE 500g,GOLDEN HARVEST,Watana Whole,NORTH,25.69836807 - 51.57282448
214,2877,GH WATANA WHITE 500g,GOLDEN HARVEST,Watana Whole,SOUTH,25.69836807 - 51.57282448
215,2878,GH WATANA WHITE 500g,GOLDEN HARVEST,Watana Whole,WEST,25.69836807 - 51.57282448
216,5565,SANGIS KITCHEN CINAMON POWDER BT 37g,'SANGI''S KITCHEN',Herbs & Seasoning,EAST,75.79183938 - 89.0
217,5566,SANGIS KITCHEN CINAMON POWDER BT 37g,'SANGI''S KITCHEN',Herbs & Seasoning,NORTH,75.79183938 - 89.0
218,5567,SANGIS KITCHEN CINAMON POWDER BT 37g,'SANGI''S KITCHEN',Herbs & Seasoning,SOUTH,75.79183938 - 89.0
219,5568,SANGIS KITCHEN CINAMON POWDER BT 37g,'SANGI''S KITCHEN',Herbs & Seasoning,WEST,75.79183938 - 89.0
220,2995,GH WHO SPICE CORIANDER 100g,GOLDEN HARVEST,Coriander/Dhania Who,EAST,17.47577477 - 28.99056604
221,2996,GH WHO SPICE CORIANDER 100g,GOLDEN HARVEST,Coriander/Dhania Who,NORTH,17.47577477 - 28.99056604
222,2997,GH WHO SPICE CORIANDER 100g,GOLDEN HARVEST,Coriander/Dhania Who,SOUTH,17.47577477 - 28.99056604
223,2998,GH WHO SPICE CORIANDER 100g,GOLDEN HARVEST,Coriander/Dhania Who,WEST,17.47577477 - 28.99056604
224,893,EKTAA MAKAI POHA PP 500g,EKTAA,Poha/Avalakki/Chirwa,EAST,31.22374429 - 50.0
225,894,EKTAA MAKAI POHA PP 500g,EKTAA,Poha/Avalakki/Chirwa,NORTH,31.22374429 - 50.0
226,895,EKTAA MAKAI POHA PP 500g,EKTAA,Poha/Avalakki/Chirwa,SOUTH,31.22374429 - 50.0
227,896,EKTAA MAKAI POHA PP 500g,EKTAA,Poha/Avalakki/Chirwa,WEST,31.22374429 - 50.0
228,457,DESI ATTA BESAN PAKORA MIX PP 200g,DESI ATTA,North Indian Mixes,EAST,44.72991453 - 60.0
229,458,DESI ATTA BESAN PAKORA MIX PP 200g,DESI ATTA,North Indian Mixes,NORTH,44.72991453 - 60.0
230,459,DESI ATTA BESAN PAKORA MIX PP 200g,DESI ATTA,North Indian Mixes,SOUTH,44.72991453 - 60.0
231,460,DESI ATTA BESAN PAKORA MIX PP 200g,DESI ATTA,North Indian Mixes,WEST,44.72991453 - 60.0
232,4059,KARMIQ OLIVE OIL PURE REFINED BT 500ml,KARMIQ,Olive & Exotic Oil,EAST,340.6389474 - 758.1694915
233,4060,KARMIQ OLIVE OIL PURE REFINED BT 500ml,KARMIQ,Olive & Exotic Oil,NORTH,340.6389474 - 758.1694915
234,4061,KARMIQ OLIVE OIL PURE REFINED BT 500ml,KARMIQ,Olive & Exotic Oil,SOUTH,340.6389474 - 758.1694915
235,4062,KARMIQ OLIVE OIL PURE REFINED BT 500ml,KARMIQ,Olive & Exotic Oil,WEST,340.6389474 - 758.1694915
236,465,DESI ATTA BROWN RICE ATTA PP 200g,DESI ATTA,Rice Based Flour,EAST,32.15909091 - 40.40809524
237,466,DESI ATTA BROWN RICE ATTA PP 200g,DESI ATTA,Rice Based Flour,NORTH,32.15909091 - 40.40809524
238,467,DESI ATTA BROWN RICE ATTA PP 200g,DESI ATTA,Rice Based Flour,SOUTH,32.15909091 - 40.40809524
239,468,DESI ATTA BROWN RICE ATTA PP 200g,DESI ATTA,Rice Based Flour,WEST,32.15909091 - 40.40809524
240,5789,SANGIS KITCHEN SABJA BASIL SEED PP 50g,'SANGI''S KITCHEN',Other Whole Spices,EAST,32.37704918 - 35.9647651
241,5790,SANGIS KITCHEN SABJA BASIL SEED PP 50g,'SANGI''S KITCHEN',Other Whole Spices,NORTH,32.37704918 - 35.9647651
242,5791,SANGIS KITCHEN SABJA BASIL SEED PP 50g,'SANGI''S KITCHEN',Other Whole Spices,SOUTH,32.37704918 - 35.9647651
243,5792,SANGIS KITCHEN SABJA BASIL SEED PP 50g,'SANGI''S KITCHEN',Other Whole Spices,WEST,32.37704918 - 35.9647651
244,3185,GH WHO SPICE PANCH PHORAN 100g,GOLDEN HARVEST,Panch Phoron Whole,EAST,23.26922694 - 31.53521127
245,3186,GH WHO SPICE PANCH PHORAN 100g,GOLDEN HARVEST,Panch Phoron Whole,NORTH,23.26922694 - 31.53521127
246,3187,GH WHO SPICE PANCH PHORAN 100g,GOLDEN HARVEST,Panch Phoron Whole,SOUTH,23.26922694 - 31.53521127
247,3188,GH WHO SPICE PANCH PHORAN 100g,GOLDEN HARVEST,Panch Phoron Whole,WEST,23.26922694 - 31.53521127
248,4474,MOTHER EARTH FENUGREEK 100g,MOTHER EARTH,Fenugreek/Methi Whol,EAST,27.27272727 - 41.90468254
249,4475,MOTHER EARTH FENUGREEK 100g,MOTHER EARTH,Fenugreek/Methi Whol,NORTH,27.27272727 - 41.90468254
250,4476,MOTHER EARTH FENUGREEK 100g,MOTHER EARTH,Fenugreek/Methi Whol,SOUTH,27.27272727 - 41.90468254
251,4477,MOTHER EARTH FENUGREEK 100g,MOTHER EARTH,Fenugreek/Methi Whol,WEST,27.27272727 - 41.90468254
252,732,DESI ATTA URAD DAL PP 200g,DESI ATTA,Health & Other Flour,EAST,47.16666667 - 65.09290323
253,733,DESI ATTA URAD DAL PP 200g,DESI ATTA,Health & Other Flour,NORTH,47.16666667 - 65.09290323
254,734,DESI ATTA URAD DAL PP 200g,DESI ATTA,Health & Other Flour,SOUTH,47.16666667 - 65.09290323
255,735,DESI ATTA URAD DAL PP 200g,DESI ATTA,Health & Other Flour,WEST,47.16666667 - 65.09290323
256,973,EKTAA WHEAT DALIYA SMALL PP 500g,EKTAA,Daliya,EAST,30.4962963 - 38.99189189
257,974,EKTAA WHEAT DALIYA SMALL PP 500g,EKTAA,Daliya,NORTH,30.4962963 - 38.99189189
258,975,EKTAA WHEAT DALIYA SMALL PP 500g,EKTAA,Daliya,SOUTH,30.4962963 - 38.99189189
259,976,EKTAA WHEAT DALIYA SMALL PP 500g,EKTAA,Daliya,WEST,30.4962963 - 38.99189189
260,2945,GH WHO SPICE BLACK TIL 100g,GOLDEN HARVEST,Sesame/Til Whole,EAST,23.47826087 - 55.72
261,2946,GH WHO SPICE BLACK TIL 100g,GOLDEN HARVEST,Sesame/Til Whole,NORTH,23.47826087 - 55.72
262,2947,GH WHO SPICE BLACK TIL 100g,GOLDEN HARVEST,Sesame/Til Whole,SOUTH,23.47826087 - 55.72
263,2948,GH WHO SPICE BLACK TIL 100g,GOLDEN HARVEST,Sesame/Til Whole,WEST,23.47826087 - 55.72
264,5866,SANGIS KITCHN KASURI METHI PP 25g,'SANGI''S KITCHEN',Dried Fenugreek/Kasu,EAST,24.07971014 - 38.1316752
265,5867,SANGIS KITCHN KASURI METHI PP 25g,'SANGI''S KITCHEN',Dried Fenugreek/Kasu,NORTH,24.07971014 - 38.1316752
266,5868,SANGIS KITCHN KASURI METHI PP 25g,'SANGI''S KITCHEN',Dried Fenugreek/Kasu,SOUTH,24.07971014 - 38.1316752
267,5869,SANGIS KITCHN KASURI METHI PP 25g,'SANGI''S KITCHEN',Dried Fenugreek/Kasu,WEST,24.07971014 - 38.1316752
268,3625,GOLDEN HARVEST KISMIS INDIAN 500g,GOLDEN HARVEST,Raisin,EAST,127.4899853 - 230.761626
269,3626,GOLDEN HARVEST KISMIS INDIAN 500g,GOLDEN HARVEST,Raisin,NORTH,127.4899853 - 230.761626
270,3627,GOLDEN HARVEST KISMIS INDIAN 500g,GOLDEN HARVEST,Raisin,SOUTH,127.4899853 - 230.761626
271,3628,GOLDEN HARVEST KISMIS INDIAN 500g,GOLDEN HARVEST,Raisin,WEST,127.4899853 - 230.761626
272,736,DESI ATTA WHOLE GROATS OATS ATTA PP 500g,DESI ATTA,Health & Other Flour,EAST,71.31111111 - 86.60294118
273,737,DESI ATTA WHOLE GROATS OATS ATTA PP 500g,DESI ATTA,Health & Other Flour,NORTH,71.31111111 - 86.60294118
274,738,DESI ATTA WHOLE GROATS OATS ATTA PP 500g,DESI ATTA,Health & Other Flour,SOUTH,71.31111111 - 86.60294118
275,739,DESI ATTA WHOLE GROATS OATS ATTA PP 500g,DESI ATTA,Health & Other Flour,WEST,71.31111111 - 86.60294118
276,646,DESI ATTA MOONG WHOLE PP 200g,DESI ATTA,Health & Other Flour,EAST,32.78571429 - 50.08107143
277,647,DESI ATTA MOONG WHOLE PP 200g,DESI ATTA,Health & Other Flour,NORTH,32.78571429 - 50.08107143
278,648,DESI ATTA MOONG WHOLE PP 200g,DESI ATTA,Health & Other Flour,SOUTH,32.78571429 - 50.08107143
279,649,DESI ATTA MOONG WHOLE PP 200g,DESI ATTA,Health & Other Flour,WEST,32.78571429 - 50.08107143
280,824,EKTAA GROUNDNUT PP 1Kg,EKTAA,Groundnut,EAST,130.3439753 - 186.4053066
281,825,EKTAA GROUNDNUT PP 1Kg,EKTAA,Groundnut,NORTH,130.3439753 - 186.4053066
282,826,EKTAA GROUNDNUT PP 1Kg,EKTAA,Groundnut,SOUTH,130.3439753 - 186.4053066
283,827,EKTAA GROUNDNUT PP 1Kg,EKTAA,Groundnut,WEST,130.3439753 - 186.4053066
284,1715,GH MASOOR DAL BLACK WHOLE 500g,GOLDEN HARVEST,Masoor Whole,EAST,30.75599315 - 49.37288136
285,1716,GH MASOOR DAL BLACK WHOLE 500g,GOLDEN HARVEST,Masoor Whole,NORTH,30.75599315 - 49.37288136
286,1717,GH MASOOR DAL BLACK WHOLE 500g,GOLDEN HARVEST,Masoor Whole,SOUTH,30.75599315 - 49.37288136
287,1718,GH MASOOR DAL BLACK WHOLE 500g,GOLDEN HARVEST,Masoor Whole,WEST,30.75599315 - 49.37288136
288,4482,MOTHER EARTH GROUNDNUT 500g,MOTHER EARTH,Groundnut,EAST,88.28571429 - 120.0
289,4483,MOTHER EARTH GROUNDNUT 500g,MOTHER EARTH,Groundnut,NORTH,88.28571429 - 120.0
290,4484,MOTHER EARTH GROUNDNUT 500g,MOTHER EARTH,Groundnut,SOUTH,88.28571429 - 120.0
291,4485,MOTHER EARTH GROUNDNUT 500g,MOTHER EARTH,Groundnut,WEST,88.28571429 - 120.0
292,5707,SANGIS KITCHEN MOTIELAICHI WHOLE PP 50g,'SANGI''S KITCHEN',Cardamom/Elaichi Who,EAST,89.0 - 177.8571429
293,5708,SANGIS KITCHEN MOTIELAICHI WHOLE PP 50g,'SANGI''S KITCHEN',Cardamom/Elaichi Who,NORTH,89.0 - 177.8571429
294,5709,SANGIS KITCHEN MOTIELAICHI WHOLE PP 50g,'SANGI''S KITCHEN',Cardamom/Elaichi Who,SOUTH,89.0 - 177.8571429
295,5710,SANGIS KITCHEN MOTIELAICHI WHOLE PP 50g,'SANGI''S KITCHEN',Cardamom/Elaichi Who,WEST,89.0 - 177.8571429
296,2532,GH ROCK SALT PINK PP 200g,GOLDEN HARVEST,Salt,EAST,44.41041348 - 59.95932121
297,2533,GH ROCK SALT PINK PP 200g,GOLDEN HARVEST,Salt,NORTH,44.41041348 - 59.95932121
298,2534,GH ROCK SALT PINK PP 200g,GOLDEN HARVEST,Salt,SOUTH,44.41041348 - 59.95932121
299,2535,GH ROCK SALT PINK PP 200g,GOLDEN HARVEST,Salt,WEST,44.41041348 - 59.95932121
300,3076,GH WHO SPICE JAVETRI 25g,GOLDEN HARVEST,Other Whole Spices,EAST,74.70561006 - 144.5682625
301,3077,GH WHO SPICE JAVETRI 25g,GOLDEN HARVEST,Other Whole Spices,NORTH,74.70561006 - 144.5682625
302,3078,GH WHO SPICE JAVETRI 25g,GOLDEN HARVEST,Other Whole Spices,SOUTH,74.70561006 - 144.5682625
303,3079,GH WHO SPICE JAVETRI 25g,GOLDEN HARVEST,Other Whole Spices,WEST,74.70561006 - 144.5682625
304,1114,GH BAJRA STANDARD 1kg,GOLDEN HARVEST,Millets,EAST,32.28571429 - 50.0
305,1115,GH BAJRA STANDARD 1kg,GOLDEN HARVEST,Millets,NORTH,32.28571429 - 50.0
306,1116,GH BAJRA STANDARD 1kg,GOLDEN HARVEST,Millets,SOUTH,32.28571429 - 50.0
307,1117,GH BAJRA STANDARD 1kg,GOLDEN HARVEST,Millets,WEST,32.28571429 - 50.0
308,1054,FRESH&PURE KCHI GHNI MUSTRD OIL BT 500ml,FRESH & PURE,Mustard Oil,EAST,52.78438031 - 70.77857143
309,1055,FRESH&PURE KCHI GHNI MUSTRD OIL BT 500ml,FRESH & PURE,Mustard Oil,NORTH,52.78438031 - 70.77857143
310,1056,FRESH&PURE KCHI GHNI MUSTRD OIL BT 500ml,FRESH & PURE,Mustard Oil,SOUTH,52.78438031 - 70.77857143
311,1057,FRESH&PURE KCHI GHNI MUSTRD OIL BT 500ml,FRESH & PURE,Mustard Oil,WEST,52.78438031 - 70.77857143
312,690,DESI ATTA RICE IDLI MIX PP 200g,DESI ATTA,South Indian Mixes,EAST,32.22647059 - 52.92857143
313,691,DESI ATTA RICE IDLI MIX PP 200g,DESI ATTA,South Indian Mixes,NORTH,32.22647059 - 52.92857143
314,692,DESI ATTA RICE IDLI MIX PP 200g,DESI ATTA,South Indian Mixes,SOUTH,32.22647059 - 52.92857143
315,693,DESI ATTA RICE IDLI MIX PP 200g,DESI ATTA,South Indian Mixes,WEST,32.22647059 - 52.92857143
316,1120,GH BANDHANI HING BT 100g,GOLDEN HARVEST,Asafoetida/Hing Powd,EAST,113.5915493 - 143.1567342
317,1121,GH BANDHANI HING BT 100g,GOLDEN HARVEST,Asafoetida/Hing Powd,NORTH,113.5915493 - 143.1567342
318,1122,GH BANDHANI HING BT 100g,GOLDEN HARVEST,Asafoetida/Hing Powd,SOUTH,113.5915493 - 143.1567342
319,1123,GH BANDHANI HING BT 100g,GOLDEN HARVEST,Asafoetida/Hing Powd,WEST,113.5915493 - 143.1567342
320,2744,GH SUGAR 1Kg,GOLDEN HARVEST,Basic Sugar,EAST,39.7837413 - 60.0
321,2745,GH SUGAR 1Kg,GOLDEN HARVEST,Basic Sugar,NORTH,39.7837413 - 60.0
322,2746,GH SUGAR 1Kg,GOLDEN HARVEST,Basic Sugar,SOUTH,39.7837413 - 60.0
323,2747,GH SUGAR 1Kg,GOLDEN HARVEST,Basic Sugar,WEST,39.7837413 - 60.0
324,5818,SANGIS KITCHEN STAR ANISE WHOLE PP 25g,'SANGI''S KITCHEN',Other Whole Spices,EAST,28.39690223 - 41.29496403
325,5819,SANGIS KITCHEN STAR ANISE WHOLE PP 25g,'SANGI''S KITCHEN',Other Whole Spices,NORTH,28.39690223 - 41.29496403
326,5820,SANGIS KITCHEN STAR ANISE WHOLE PP 25g,'SANGI''S KITCHEN',Other Whole Spices,SOUTH,28.39690223 - 41.29496403
327,5821,SANGIS KITCHEN STAR ANISE WHOLE PP 25g,'SANGI''S KITCHEN',Other Whole Spices,WEST,28.39690223 - 41.29496403
328,3556,GOLDEN HARVEST CASHEW REGULAR 200g,GOLDEN HARVEST,Cashew,EAST,201.4169355 - 320.0
329,3557,GOLDEN HARVEST CASHEW REGULAR 200g,GOLDEN HARVEST,Cashew,NORTH,201.4169355 - 320.0
330,3558,GOLDEN HARVEST CASHEW REGULAR 200g,GOLDEN HARVEST,Cashew,SOUTH,201.4169355 - 320.0
331,3559,GOLDEN HARVEST CASHEW REGULAR 200g,GOLDEN HARVEST,Cashew,WEST,201.4169355 - 320.0
332,722,DESI ATTA UPMA MIX PP 170g,DESI ATTA,South Indian Mixes,EAST,30.63414634 - 35.47085202
333,723,DESI ATTA UPMA MIX PP 170g,DESI ATTA,South Indian Mixes,NORTH,30.63414634 - 35.47085202
334,724,DESI ATTA UPMA MIX PP 170g,DESI ATTA,South Indian Mixes,SOUTH,30.63414634 - 35.47085202
335,725,DESI ATTA UPMA MIX PP 170g,DESI ATTA,South Indian Mixes,WEST,30.63414634 - 35.47085202
336,718,DESI ATTA THALIPT/MGRN PRTHA MIX PP 200g,DESI ATTA,North Indian Mixes,EAST,45.77777778 - 58.43506494
337,719,DESI ATTA THALIPT/MGRN PRTHA MIX PP 200g,DESI ATTA,North Indian Mixes,NORTH,45.77777778 - 58.43506494
338,720,DESI ATTA THALIPT/MGRN PRTHA MIX PP 200g,DESI ATTA,North Indian Mixes,SOUTH,45.77777778 - 58.43506494
339,721,DESI ATTA THALIPT/MGRN PRTHA MIX PP 200g,DESI ATTA,North Indian Mixes,WEST,45.77777778 - 58.43506494
340,5602,SANGIS KITCHEN DRIED GINGER PP 50g,'SANGI''S KITCHEN',Other Whole Spices,EAST,31.133829 - 41.75
341,5603,SANGIS KITCHEN DRIED GINGER PP 50g,'SANGI''S KITCHEN',Other Whole Spices,NORTH,31.133829 - 41.75
342,5604,SANGIS KITCHEN DRIED GINGER PP 50g,'SANGI''S KITCHEN',Other Whole Spices,SOUTH,31.133829 - 41.75
343,5605,SANGIS KITCHEN DRIED GINGER PP 50g,'SANGI''S KITCHEN',Other Whole Spices,WEST,31.133829 - 41.75
344,2000,GH POW SPICE TURMERIC PP 500g,GOLDEN HARVEST,Turmeric/Haldi Powde,EAST,79.8625731 - 150.0
345,2001,GH POW SPICE TURMERIC PP 500g,GOLDEN HARVEST,Turmeric/Haldi Powde,NORTH,79.8625731 - 150.0
346,2002,GH POW SPICE TURMERIC PP 500g,GOLDEN HARVEST,Turmeric/Haldi Powde,SOUTH,79.8625731 - 150.0
347,2003,GH POW SPICE TURMERIC PP 500g,GOLDEN HARVEST,Turmeric/Haldi Powde,WEST,79.8625731 - 150.0
348,1058,FRESH&PURE SOYABEAN OIL PP 1L,FRESH & PURE,Soyabean Oil,EAST,74.28307865 - 94.72560976
349,1059,FRESH&PURE SOYABEAN OIL PP 1L,FRESH & PURE,Soyabean Oil,NORTH,74.28307865 - 94.72560976
350,1060,FRESH&PURE SOYABEAN OIL PP 1L,FRESH & PURE,Soyabean Oil,SOUTH,74.28307865 - 94.72560976
351,1061,FRESH&PURE SOYABEAN OIL PP 1L,FRESH & PURE,Soyabean Oil,WEST,74.28307865 - 94.72560976
352,5656,SANGIS KITCHEN JAVITRI MACE WHOLE PP 25g,'SANGI''S KITCHEN',Other Whole Spices,EAST,89.41839416 - 127.6973684
353,5657,SANGIS KITCHEN JAVITRI MACE WHOLE PP 25g,'SANGI''S KITCHEN',Other Whole Spices,NORTH,89.41839416 - 127.6973684
354,5658,SANGIS KITCHEN JAVITRI MACE WHOLE PP 25g,'SANGI''S KITCHEN',Other Whole Spices,SOUTH,89.41839416 - 127.6973684
355,5659,SANGIS KITCHEN JAVITRI MACE WHOLE PP 25g,'SANGI''S KITCHEN',Other Whole Spices,WEST,89.41839416 - 127.6973684
356,590,DESI ATTA FINE BESAN PP 200g,DESI ATTA,Besan,EAST,21.90930788 - 42.86514886
357,591,DESI ATTA FINE BESAN PP 200g,DESI ATTA,Besan,NORTH,21.90930788 - 42.86514886
358,592,DESI ATTA FINE BESAN PP 200g,DESI ATTA,Besan,SOUTH,21.90930788 - 42.86514886
359,593,DESI ATTA FINE BESAN PP 200g,DESI ATTA,Besan,WEST,21.90930788 - 42.86514886
360,1050,FRESH&PURE COW GHEE PP 500ml,FRESH & PURE,Cow Ghee,EAST,161.5470085 - 296.4497041
361,1051,FRESH&PURE COW GHEE PP 500ml,FRESH & PURE,Cow Ghee,NORTH,161.5470085 - 296.4497041
362,1052,FRESH&PURE COW GHEE PP 500ml,FRESH & PURE,Cow Ghee,SOUTH,161.5470085 - 296.4497041
363,1053,FRESH&PURE COW GHEE PP 500ml,FRESH & PURE,Cow Ghee,WEST,161.5470085 - 296.4497041
364,5854,SANGIS KITCHEN WHITE TIL SESAME PP 200g,'SANGI''S KITCHEN',Sesame/Til Whole,EAST,50.6778607 - 64.0
365,5855,SANGIS KITCHEN WHITE TIL SESAME PP 200g,'SANGI''S KITCHEN',Sesame/Til Whole,NORTH,50.6778607 - 64.0
366,5856,SANGIS KITCHEN WHITE TIL SESAME PP 200g,'SANGI''S KITCHEN',Sesame/Til Whole,SOUTH,50.6778607 - 64.0
367,5857,SANGIS KITCHEN WHITE TIL SESAME PP 200g,'SANGI''S KITCHEN',Sesame/Til Whole,WEST,50.6778607 - 64.0
368,1594,GH HYDRABADI BIRYANI BASMATI RICE PP 1kg,GOLDEN HARVEST,Premium Rice,EAST,94.59733531 - 160.0
369,1595,GH HYDRABADI BIRYANI BASMATI RICE PP 1kg,GOLDEN HARVEST,Premium Rice,NORTH,94.59733531 - 160.0
370,1596,GH HYDRABADI BIRYANI BASMATI RICE PP 1kg,GOLDEN HARVEST,Premium Rice,SOUTH,94.59733531 - 160.0
371,1597,GH HYDRABADI BIRYANI BASMATI RICE PP 1kg,GOLDEN HARVEST,Premium Rice,WEST,94.59733531 - 160.0
372,1093,GH ATTA 9 GRAIN PP 2kg,GOLDEN HARVEST,Multigrain Flour,EAST,95.8286385 - 120.0
373,1094,GH ATTA 9 GRAIN PP 2kg,GOLDEN HARVEST,Multigrain Flour,NORTH,95.8286385 - 120.0
374,1095,GH ATTA 9 GRAIN PP 2kg,GOLDEN HARVEST,Multigrain Flour,SOUTH,95.8286385 - 120.0
375,1096,GH ATTA 9 GRAIN PP 2kg,GOLDEN HARVEST,Multigrain Flour,WEST,95.8286385 - 120.0
376,4450,MOTHER EARTH CINNAMON 100g,MOTHER EARTH,Cinnamon/Dalchini Wh,EAST,89.14688129 - 100.1449275
377,4451,MOTHER EARTH CINNAMON 100g,MOTHER EARTH,Cinnamon/Dalchini Wh,NORTH,89.14688129 - 100.1449275
378,4452,MOTHER EARTH CINNAMON 100g,MOTHER EARTH,Cinnamon/Dalchini Wh,SOUTH,89.14688129 - 100.1449275
379,4453,MOTHER EARTH CINNAMON 100g,MOTHER EARTH,Cinnamon/Dalchini Wh,WEST,89.14688129 - 100.1449275
380,1670,GH LAJAWAAB BASMATI RICE PP 1kg,GOLDEN HARVEST,Supreme Rice,EAST,107.4397093 - 154.627907
381,1671,GH LAJAWAAB BASMATI RICE PP 1kg,GOLDEN HARVEST,Supreme Rice,NORTH,107.4397093 - 154.627907
382,1672,GH LAJAWAAB BASMATI RICE PP 1kg,GOLDEN HARVEST,Supreme Rice,SOUTH,107.4397093 - 154.627907
383,1673,GH LAJAWAAB BASMATI RICE PP 1kg,GOLDEN HARVEST,Supreme Rice,WEST,107.4397093 - 154.627907
384,5575,SANGIS KITCHEN CLOVE WHOLE PP 50g,'SANGI''S KITCHEN',Clove/Laung Whole,EAST,102.5102041 - 118.015748
385,5576,SANGIS KITCHEN CLOVE WHOLE PP 50g,'SANGI''S KITCHEN',Clove/Laung Whole,NORTH,102.5102041 - 118.015748
386,5577,SANGIS KITCHEN CLOVE WHOLE PP 50g,'SANGI''S KITCHEN',Clove/Laung Whole,SOUTH,102.5102041 - 118.015748
387,5578,SANGIS KITCHEN CLOVE WHOLE PP 50g,'SANGI''S KITCHEN',Clove/Laung Whole,WEST,102.5102041 - 118.015748
388,1904,GH POW SPC KASHMIRI MIRCH PP 100g,GOLDEN HARVEST,Chilli/Mirch Powder,EAST,35.0576087 - 62.70162162
389,1905,GH POW SPC KASHMIRI MIRCH PP 100g,GOLDEN HARVEST,Chilli/Mirch Powder,NORTH,35.0576087 - 62.70162162
390,1906,GH POW SPC KASHMIRI MIRCH PP 100g,GOLDEN HARVEST,Chilli/Mirch Powder,SOUTH,35.0576087 - 62.70162162
391,1907,GH POW SPC KASHMIRI MIRCH PP 100g,GOLDEN HARVEST,Chilli/Mirch Powder,WEST,35.0576087 - 62.70162162
392,4106,KARMIQ ROSTD & SLTD IRANI PISTA PP 500g,KARMIQ,Flavoured Pista,EAST,622.2866242 - 975.0
393,4107,KARMIQ ROSTD & SLTD IRANI PISTA PP 500g,KARMIQ,Flavoured Pista,NORTH,622.2866242 - 975.0
394,4108,KARMIQ ROSTD & SLTD IRANI PISTA PP 500g,KARMIQ,Flavoured Pista,SOUTH,622.2866242 - 975.0
395,4109,KARMIQ ROSTD & SLTD IRANI PISTA PP 500g,KARMIQ,Flavoured Pista,WEST,622.2866242 - 975.0
396,4039,KARMIQ OLIVE OIL EXTRA VIRGIN BT 500ml,KARMIQ,Olive & Exotic Oil,EAST,379.9411765 - 864.8415842
397,4040,KARMIQ OLIVE OIL EXTRA VIRGIN BT 500ml,KARMIQ,Olive & Exotic Oil,NORTH,379.9411765 - 864.8415842
398,4041,KARMIQ OLIVE OIL EXTRA VIRGIN BT 500ml,KARMIQ,Olive & Exotic Oil,SOUTH,379.9411765 - 864.8415842
399,4042,KARMIQ OLIVE OIL EXTRA VIRGIN BT 500ml,KARMIQ,Olive & Exotic Oil,WEST,379.9411765 - 864.8415842
400,1929,GH POW SPICE CUMIN 100g,GOLDEN HARVEST,Cumin/Jeera Powder,EAST,36.70446285 - 60.0
401,1930,GH POW SPICE CUMIN 100g,GOLDEN HARVEST,Cumin/Jeera Powder,NORTH,36.70446285 - 60.0
402,1931,GH POW SPICE CUMIN 100g,GOLDEN HARVEST,Cumin/Jeera Powder,SOUTH,36.70446285 - 60.0
403,1932,GH POW SPICE CUMIN 100g,GOLDEN HARVEST,Cumin/Jeera Powder,WEST,36.70446285 - 60.0
404,944,EKTAA TAL MAKHANA PP 100g,EKTAA,Makhana Whole,EAST,99.03884834 - 191.5205382
405,945,EKTAA TAL MAKHANA PP 100g,EKTAA,Makhana Whole,NORTH,99.03884834 - 191.5205382
406,946,EKTAA TAL MAKHANA PP 100g,EKTAA,Makhana Whole,SOUTH,99.03884834 - 191.5205382
407,947,EKTAA TAL MAKHANA PP 100g,EKTAA,Makhana Whole,WEST,99.03884834 - 191.5205382
408,935,EKTAA SOYA WADI BX 200g,EKTAA,Soya Chunks,EAST,29.24797753 - 45.08108108
409,936,EKTAA SOYA WADI BX 200g,EKTAA,Soya Chunks,NORTH,29.24797753 - 45.08108108
410,937,EKTAA SOYA WADI BX 200g,EKTAA,Soya Chunks,SOUTH,29.24797753 - 45.08108108
411,938,EKTAA SOYA WADI BX 200g,EKTAA,Soya Chunks,WEST,29.24797753 - 45.08108108
412,534,DESI ATTA CO PERI PERI IDLI MIX PP 200g,DESI ATTA,South Indian Mixes,EAST,43.92592593 - 61.00840336
413,535,DESI ATTA CO PERI PERI IDLI MIX PP 200g,DESI ATTA,South Indian Mixes,NORTH,43.92592593 - 61.00840336
414,536,DESI ATTA CO PERI PERI IDLI MIX PP 200g,DESI ATTA,South Indian Mixes,SOUTH,43.92592593 - 61.00840336
415,537,DESI ATTA CO PERI PERI IDLI MIX PP 200g,DESI ATTA,South Indian Mixes,WEST,43.92592593 - 61.00840336
416,2054,GH PREMIUM SUJI RAVA 500g,GOLDEN HARVEST,Rava,EAST,19.04681075 - 32.52236842
417,2055,GH PREMIUM SUJI RAVA 500g,GOLDEN HARVEST,Rava,NORTH,19.04681075 - 32.52236842
418,2056,GH PREMIUM SUJI RAVA 500g,GOLDEN HARVEST,Rava,SOUTH,19.04681075 - 32.52236842
419,2057,GH PREMIUM SUJI RAVA 500g,GOLDEN HARVEST,Rava,WEST,19.04681075 - 32.52236842
420,638,DESI ATTA MOONG DAL PP 200g,DESI ATTA,Health & Other Flour,EAST,26.23235294 - 45.71601563
421,639,DESI ATTA MOONG DAL PP 200g,DESI ATTA,Health & Other Flour,NORTH,26.23235294 - 45.71601563
422,640,DESI ATTA MOONG DAL PP 200g,DESI ATTA,Health & Other Flour,SOUTH,26.23235294 - 45.71601563
423,641,DESI ATTA MOONG DAL PP 200g,DESI ATTA,Health & Other Flour,WEST,26.23235294 - 45.71601563
424,5739,SANGIS KITCHEN PANCH PHORAN PP 100g,'SANGI''S KITCHEN',Panch Phoron Whole,EAST,38.63428571 - 42.89622817
425,5740,SANGIS KITCHEN PANCH PHORAN PP 100g,'SANGI''S KITCHEN',Panch Phoron Whole,NORTH,38.63428571 - 42.89622817
426,5741,SANGIS KITCHEN PANCH PHORAN PP 100g,'SANGI''S KITCHEN',Panch Phoron Whole,SOUTH,38.63428571 - 42.89622817
427,5742,SANGIS KITCHEN PANCH PHORAN PP 100g,'SANGI''S KITCHEN',Panch Phoron Whole,WEST,38.63428571 - 42.89622817
428,1688,GH LAZEEZ BASMATI RICE PP 1kg,GOLDEN HARVEST,Standard Rice,EAST,64.77040711 - 130.8783784
429,1689,GH LAZEEZ BASMATI RICE PP 1kg,GOLDEN HARVEST,Standard Rice,NORTH,64.77040711 - 130.8783784
430,1690,GH LAZEEZ BASMATI RICE PP 1kg,GOLDEN HARVEST,Standard Rice,SOUTH,64.77040711 - 130.8783784
431,1691,GH LAZEEZ BASMATI RICE PP 1kg,GOLDEN HARVEST,Standard Rice,WEST,64.77040711 - 130.8783784
432,3124,GH WHO SPICE KHUSKHUS 100g,GOLDEN HARVEST,Poppy Seed/Khus Khus,EAST,81.58643466 - 170.1228137
433,3125,GH WHO SPICE KHUSKHUS 100g,GOLDEN HARVEST,Poppy Seed/Khus Khus,NORTH,81.58643466 - 170.1228137
434,3126,GH WHO SPICE KHUSKHUS 100g,GOLDEN HARVEST,Poppy Seed/Khus Khus,SOUTH,81.58643466 - 170.1228137
435,3127,GH WHO SPICE KHUSKHUS 100g,GOLDEN HARVEST,Poppy Seed/Khus Khus,WEST,81.58643466 - 170.1228137
436,502,DESI ATTA CO BESAN LADOO MIX 200g,DESI ATTA,North Indian Mixes,EAST,48.82419355 - 62.17705394
437,503,DESI ATTA CO BESAN LADOO MIX 200g,DESI ATTA,North Indian Mixes,NORTH,48.82419355 - 62.17705394
438,504,DESI ATTA CO BESAN LADOO MIX 200g,DESI ATTA,North Indian Mixes,SOUTH,48.82419355 - 62.17705394
439,505,DESI ATTA CO BESAN LADOO MIX 200g,DESI ATTA,North Indian Mixes,WEST,48.82419355 - 62.17705394
440,2455,GH RED MATTA BOILED RICE PP 1kg,GOLDEN HARVEST,Single Boiled Rice,EAST,52.11424332 - 91.82828283
441,2456,GH RED MATTA BOILED RICE PP 1kg,GOLDEN HARVEST,Single Boiled Rice,NORTH,52.11424332 - 91.82828283
442,2457,GH RED MATTA BOILED RICE PP 1kg,GOLDEN HARVEST,Single Boiled Rice,SOUTH,52.11424332 - 91.82828283
443,2458,GH RED MATTA BOILED RICE PP 1kg,GOLDEN HARVEST,Single Boiled Rice,WEST,52.11424332 - 91.82828283
444,1200,GH BLACK SALT GRNDR BT 100g,GOLDEN HARVEST,Salt,EAST,88.77542373 - 100.03125
445,1201,GH BLACK SALT GRNDR BT 100g,GOLDEN HARVEST,Salt,NORTH,88.77542373 - 100.03125
446,1202,GH BLACK SALT GRNDR BT 100g,GOLDEN HARVEST,Salt,SOUTH,88.77542373 - 100.03125
447,1203,GH BLACK SALT GRNDR BT 100g,GOLDEN HARVEST,Salt,WEST,88.77542373 - 100.03125
448,1101,GH ATTA SUPREME PP 5kg,GOLDEN HARVEST,Wheat Flour,EAST,149.8738739 - 237.4505382
449,1102,GH ATTA SUPREME PP 5kg,GOLDEN HARVEST,Wheat Flour,NORTH,149.8738739 - 237.4505382
450,1103,GH ATTA SUPREME PP 5kg,GOLDEN HARVEST,Wheat Flour,SOUTH,149.8738739 - 237.4505382
451,1104,GH ATTA SUPREME PP 5kg,GOLDEN HARVEST,Wheat Flour,WEST,149.8738739 - 237.4505382
452,4423,MOTHER EARTH BASMATI RICE 1Kg,MOTHER EARTH,Premium Rice,EAST,160.1 - 181.0104167
453,4424,MOTHER EARTH BASMATI RICE 1Kg,MOTHER EARTH,Premium Rice,NORTH,160.1 - 181.0104167
454,4425,MOTHER EARTH BASMATI RICE 1Kg,MOTHER EARTH,Premium Rice,SOUTH,160.1 - 181.0104167
455,4426,MOTHER EARTH BASMATI RICE 1Kg,MOTHER EARTH,Premium Rice,WEST,160.1 - 181.0104167
456,4566,MOTHER EARTH SUGAR 500g,MOTHER EARTH,Basic Sugar,EAST,57.79106858 - 65.22159091
457,4567,MOTHER EARTH SUGAR 500g,MOTHER EARTH,Basic Sugar,NORTH,57.79106858 - 65.22159091
458,4568,MOTHER EARTH SUGAR 500g,MOTHER EARTH,Basic Sugar,SOUTH,57.79106858 - 65.22159091
459,4569,MOTHER EARTH SUGAR 500g,MOTHER EARTH,Basic Sugar,WEST,57.79106858 - 65.22159091
460,614,DESI ATTA KHATTA DHOKLA MIX PP 200g,DESI ATTA,North Indian Mixes,EAST,32.72727273 - 47.0
461,615,DESI ATTA KHATTA DHOKLA MIX PP 200g,DESI ATTA,North Indian Mixes,NORTH,32.72727273 - 47.0
462,616,DESI ATTA KHATTA DHOKLA MIX PP 200g,DESI ATTA,North Indian Mixes,SOUTH,32.72727273 - 47.0
463,617,DESI ATTA KHATTA DHOKLA MIX PP 200g,DESI ATTA,North Indian Mixes,WEST,32.72727273 - 47.0
464,4533,MOTHER EARTH POHA 500g,MOTHER EARTH,Poha/Avalakki/Chirwa,EAST,50.19256018 - 64.6234375
465,4534,MOTHER EARTH POHA 500g,MOTHER EARTH,Poha/Avalakki/Chirwa,NORTH,50.19256018 - 64.6234375
466,4535,MOTHER EARTH POHA 500g,MOTHER EARTH,Poha/Avalakki/Chirwa,SOUTH,50.19256018 - 64.6234375
467,4536,MOTHER EARTH POHA 500g,MOTHER EARTH,Poha/Avalakki/Chirwa,WEST,50.19256018 - 64.6234375
468,1992,GH POW SPICE TURMERIC 100g,GOLDEN HARVEST,Turmeric/Haldi Powde,EAST,25.0313893 - 31.89693034
469,1993,GH POW SPICE TURMERIC 100g,GOLDEN HARVEST,Turmeric/Haldi Powde,NORTH,25.0313893 - 31.89693034
470,1994,GH POW SPICE TURMERIC 100g,GOLDEN HARVEST,Turmeric/Haldi Powde,SOUTH,25.0313893 - 31.89693034
471,1995,GH POW SPICE TURMERIC 100g,GOLDEN HARVEST,Turmeric/Haldi Powde,WEST,25.0313893 - 31.89693034
472,2897,GH WHL SPICE WHITE TIL 100g,GOLDEN HARVEST,Sesame/Til Whole,EAST,21.25319693 - 43.9497992
473,2898,GH WHL SPICE WHITE TIL 100g,GOLDEN HARVEST,Sesame/Til Whole,NORTH,21.25319693 - 43.9497992
474,2899,GH WHL SPICE WHITE TIL 100g,GOLDEN HARVEST,Sesame/Til Whole,SOUTH,21.25319693 - 43.9497992
475,2900,GH WHL SPICE WHITE TIL 100g,GOLDEN HARVEST,Sesame/Til Whole,WEST,21.25319693 - 43.9497992
476,1147,GH BASMATI RICE DIL KHUSH PP 1kg,GOLDEN HARVEST,Standard Rice,EAST,71.61699441 - 186.6075989
477,1148,GH BASMATI RICE DIL KHUSH PP 1kg,GOLDEN HARVEST,Standard Rice,NORTH,71.61699441 - 186.6075989
478,1149,GH BASMATI RICE DIL KHUSH PP 1kg,GOLDEN HARVEST,Standard Rice,SOUTH,71.61699441 - 186.6075989
479,1150,GH BASMATI RICE DIL KHUSH PP 1kg,GOLDEN HARVEST,Standard Rice,WEST,71.61699441 - 186.6075989
480,518,DESI ATTA CO MAKAI ATTA PP 1Kg,DESI ATTA,Health & Other Flour,EAST,32.68137931 - 70.0
481,519,DESI ATTA CO MAKAI ATTA PP 1Kg,DESI ATTA,Health & Other Flour,NORTH,32.68137931 - 70.0
482,520,DESI ATTA CO MAKAI ATTA PP 1Kg,DESI ATTA,Health & Other Flour,SOUTH,32.68137931 - 70.0
483,521,DESI ATTA CO MAKAI ATTA PP 1Kg,DESI ATTA,Health & Other Flour,WEST,32.68137931 - 70.0
484,1219,GH BROWN RICE JAR 1Kg,GOLDEN HARVEST,Health Rice,EAST,87.0 - 99.94444444
485,1220,GH BROWN RICE JAR 1Kg,GOLDEN HARVEST,Health Rice,NORTH,87.0 - 99.94444444
486,1221,GH BROWN RICE JAR 1Kg,GOLDEN HARVEST,Health Rice,SOUTH,87.0 - 99.94444444
487,1222,GH BROWN RICE JAR 1Kg,GOLDEN HARVEST,Health Rice,WEST,87.0 - 99.94444444
488,2624,GH SALT BLACK 100g,GOLDEN HARVEST,Salt,EAST,7.542372881 - 12.0
489,2625,GH SALT BLACK 100g,GOLDEN HARVEST,Salt,NORTH,7.542372881 - 12.0
490,2626,GH SALT BLACK 100g,GOLDEN HARVEST,Salt,SOUTH,7.542372881 - 12.0
491,2627,GH SALT BLACK 100g,GOLDEN HARVEST,Salt,WEST,7.542372881 - 12.0
492,3957,KARMIQ MAMRA ALMONDS PP 200g,KARMIQ,Almond,EAST,211.755102 - 953.8
493,3958,KARMIQ MAMRA ALMONDS PP 200g,KARMIQ,Almond,NORTH,211.755102 - 953.8
494,3959,KARMIQ MAMRA ALMONDS PP 200g,KARMIQ,Almond,SOUTH,211.755102 - 953.8
495,3960,KARMIQ MAMRA ALMONDS PP 200g,KARMIQ,Almond,WEST,211.755102 - 953.8
496,3685,GOLDEN HARVEST SUPREME ATTA PP 1K,GOLDEN HARVEST,Wheat Flour,EAST,34.0941989 - 57.38053097
497,3686,GOLDEN HARVEST SUPREME ATTA PP 1K,GOLDEN HARVEST,Wheat Flour,NORTH,34.0941989 - 57.38053097
498,3687,GOLDEN HARVEST SUPREME ATTA PP 1K,GOLDEN HARVEST,Wheat Flour,SOUTH,34.0941989 - 57.38053097
499,3688,GOLDEN HARVEST SUPREME ATTA PP 1K,GOLDEN HARVEST,Wheat Flour,WEST,34.0941989 - 57.38053097
500,3552,GOLDEN HARVEST CASHEW REGULAR 100g,GOLDEN HARVEST,Cashew,EAST,97.10367847 - 150.0
501,3553,GOLDEN HARVEST CASHEW REGULAR 100g,GOLDEN HARVEST,Cashew,NORTH,97.10367847 - 150.0
502,3554,GOLDEN HARVEST CASHEW REGULAR 100g,GOLDEN HARVEST,Cashew,SOUTH,97.10367847 - 150.0
503,3555,GOLDEN HARVEST CASHEW REGULAR 100g,GOLDEN HARVEST,Cashew,WEST,97.10367847 - 150.0
504,3947,KARMIQ IN SHELL PISTA SALTED PP 200g,KARMIQ,Flavoured Pista,EAST,243.9716446 - 330.0
505,3948,KARMIQ IN SHELL PISTA SALTED PP 200g,KARMIQ,Flavoured Pista,NORTH,243.9716446 - 330.0
506,3949,KARMIQ IN SHELL PISTA SALTED PP 200g,KARMIQ,Flavoured Pista,SOUTH,243.9716446 - 330.0
507,3950,KARMIQ IN SHELL PISTA SALTED PP 200g,KARMIQ,Flavoured Pista,WEST,243.9716446 - 330.0
508,654,DESI ATTA MULTIGRAIN DOSA MIX PP 200g,DESI ATTA,South Indian Mixes,EAST,48.925 - 60.0
509,655,DESI ATTA MULTIGRAIN DOSA MIX PP 200g,DESI ATTA,South Indian Mixes,NORTH,48.925 - 60.0
510,656,DESI ATTA MULTIGRAIN DOSA MIX PP 200g,DESI ATTA,South Indian Mixes,SOUTH,48.925 - 60.0
511,657,DESI ATTA MULTIGRAIN DOSA MIX PP 200g,DESI ATTA,South Indian Mixes,WEST,48.925 - 60.0
512,5519,SANGIS KITCHEN BLACK TIL SESAME PP 100g,'SANGI''S KITCHEN',Sesame/Til Whole,EAST,31.00478469 - 42.9
513,5520,SANGIS KITCHEN BLACK TIL SESAME PP 100g,'SANGI''S KITCHEN',Sesame/Til Whole,NORTH,31.00478469 - 42.9
514,5521,SANGIS KITCHEN BLACK TIL SESAME PP 100g,'SANGI''S KITCHEN',Sesame/Til Whole,SOUTH,31.00478469 - 42.9
515,5522,SANGIS KITCHEN BLACK TIL SESAME PP 100g,'SANGI''S KITCHEN',Sesame/Til Whole,WEST,31.00478469 - 42.9
516,2727,GH SOYABEAN 500g,GOLDEN HARVEST,Other Whole Pulses,EAST,33.35877106 - 75.0
517,2728,GH SOYABEAN 500g,GOLDEN HARVEST,Other Whole Pulses,NORTH,33.35877106 - 75.0
518,2729,GH SOYABEAN 500g,GOLDEN HARVEST,Other Whole Pulses,SOUTH,33.35877106 - 75.0
519,2730,GH SOYABEAN 500g,GOLDEN HARVEST,Other Whole Pulses,WEST,33.35877106 - 75.0
520,650,DESI ATTA MULTIGRAIN BHATURA MIX PP 500g,DESI ATTA,North Indian Mixes,EAST,45.80487805 - 83.0
521,651,DESI ATTA MULTIGRAIN BHATURA MIX PP 500g,DESI ATTA,North Indian Mixes,NORTH,45.80487805 - 83.0
522,652,DESI ATTA MULTIGRAIN BHATURA MIX PP 500g,DESI ATTA,North Indian Mixes,SOUTH,45.80487805 - 83.0
523,653,DESI ATTA MULTIGRAIN BHATURA MIX PP 500g,DESI ATTA,North Indian Mixes,WEST,45.80487805 - 83.0
524,4027,KARMIQ OLIVE OIL EXTRA LIGHT BT 5L,KARMIQ,Olive & Exotic Oil,EAST,1588.808511 - 4765.472527
525,4028,KARMIQ OLIVE OIL EXTRA LIGHT BT 5L,KARMIQ,Olive & Exotic Oil,NORTH,1588.808511 - 4765.472527
526,4029,KARMIQ OLIVE OIL EXTRA LIGHT BT 5L,KARMIQ,Olive & Exotic Oil,SOUTH,1588.808511 - 4765.472527
527,4030,KARMIQ OLIVE OIL EXTRA LIGHT BT 5L,KARMIQ,Olive & Exotic Oil,WEST,1588.808511 - 4765.472527
528,1320,GH CHAWLI RED 500g,GOLDEN HARVEST,Chawli Whole,EAST,40.24400148 - 62.75522388
529,1321,GH CHAWLI RED 500g,GOLDEN HARVEST,Chawli Whole,NORTH,40.24400148 - 62.75522388
530,1322,GH CHAWLI RED 500g,GOLDEN HARVEST,Chawli Whole,SOUTH,40.24400148 - 62.75522388
531,1323,GH CHAWLI RED 500g,GOLDEN HARVEST,Chawli Whole,WEST,40.24400148 - 62.75522388
532,948,EKTAA TAL MAKHANA PP 200g,EKTAA,Makhana Whole,EAST,174.7275849 - 398.0
533,949,EKTAA TAL MAKHANA PP 200g,EKTAA,Makhana Whole,NORTH,174.7275849 - 398.0
534,950,EKTAA TAL MAKHANA PP 200g,EKTAA,Makhana Whole,SOUTH,174.7275849 - 398.0
535,951,EKTAA TAL MAKHANA PP 200g,EKTAA,Makhana Whole,WEST,174.7275849 - 398.0
536,1491,GH FORTIFIED CHAKKI FRESH ATTA 10Kg,GOLDEN HARVEST,Wheat Flour,EAST,199.5209479 - 331.871278
537,1492,GH FORTIFIED CHAKKI FRESH ATTA 10Kg,GOLDEN HARVEST,Wheat Flour,NORTH,199.5209479 - 331.871278
538,1493,GH FORTIFIED CHAKKI FRESH ATTA 10Kg,GOLDEN HARVEST,Wheat Flour,SOUTH,199.5209479 - 331.871278
539,1494,GH FORTIFIED CHAKKI FRESH ATTA 10Kg,GOLDEN HARVEST,Wheat Flour,WEST,199.5209479 - 331.871278
540,828,EKTAA GROUNDNUT PP 500g,EKTAA,Groundnut,EAST,64.9021215 - 91.33075985
541,829,EKTAA GROUNDNUT PP 500g,EKTAA,Groundnut,NORTH,64.9021215 - 91.33075985
542,830,EKTAA GROUNDNUT PP 500g,EKTAA,Groundnut,SOUTH,64.9021215 - 91.33075985
543,831,EKTAA GROUNDNUT PP 500g,EKTAA,Groundnut,WEST,64.9021215 - 91.33075985
544,1878,GH POHA THIN 500g,GOLDEN HARVEST,Poha/Avalakki/Chirwa,EAST,25.25724382 - 39.62446842
545,1879,GH POHA THIN 500g,GOLDEN HARVEST,Poha/Avalakki/Chirwa,NORTH,25.25724382 - 39.62446842
546,1880,GH POHA THIN 500g,GOLDEN HARVEST,Poha/Avalakki/Chirwa,SOUTH,25.25724382 - 39.62446842
547,1881,GH POHA THIN 500g,GOLDEN HARVEST,Poha/Avalakki/Chirwa,WEST,25.25724382 - 39.62446842
548,553,DESI ATTA CO RICE ATTA PP 500g,DESI ATTA,Rice Based Flour,EAST,26.39075993 - 33.25858209
549,554,DESI ATTA CO RICE ATTA PP 500g,DESI ATTA,Rice Based Flour,NORTH,26.39075993 - 33.25858209
550,555,DESI ATTA CO RICE ATTA PP 500g,DESI ATTA,Rice Based Flour,SOUTH,26.39075993 - 33.25858209
551,556,DESI ATTA CO RICE ATTA PP 500g,DESI ATTA,Rice Based Flour,WEST,26.39075993 - 33.25858209
552,4443,MOTHER EARTH CHANA DAL 500g,MOTHER EARTH,Chana Dal,EAST,85.0 - 101.1904762
553,4444,MOTHER EARTH CHANA DAL 500g,MOTHER EARTH,Chana Dal,NORTH,85.0 - 101.1904762
554,4445,MOTHER EARTH CHANA DAL 500g,MOTHER EARTH,Chana Dal,SOUTH,85.0 - 101.1904762
555,4446,MOTHER EARTH CHANA DAL 500g,MOTHER EARTH,Chana Dal,WEST,85.0 - 101.1904762
556,4082,KARMIQ RICEBRAN OIL PP 1L,KARMIQ,Ricebran Oil,EAST,55.0 - 111.3763214
557,4083,KARMIQ RICEBRAN OIL PP 1L,KARMIQ,Ricebran Oil,NORTH,55.0 - 111.3763214
558,4084,KARMIQ RICEBRAN OIL PP 1L,KARMIQ,Ricebran Oil,SOUTH,55.0 - 111.3763214
559,4085,KARMIQ RICEBRAN OIL PP 1L,KARMIQ,Ricebran Oil,WEST,55.0 - 111.3763214
560,498,DESI ATTA CO BEETROOT WHEAT ATTA PP 500g,DESI ATTA,Health & Other Flour,EAST,74.09661836 - 80.14842301
561,499,DESI ATTA CO BEETROOT WHEAT ATTA PP 500g,DESI ATTA,Health & Other Flour,NORTH,74.09661836 - 80.14842301
562,500,DESI ATTA CO BEETROOT WHEAT ATTA PP 500g,DESI ATTA,Health & Other Flour,SOUTH,74.09661836 - 80.14842301
563,501,DESI ATTA CO BEETROOT WHEAT ATTA PP 500g,DESI ATTA,Health & Other Flour,WEST,74.09661836 - 80.14842301
564,1897,GH PONNY BOILED RICE PP 1kg,GOLDEN HARVEST,Single Boiled Rice,EAST,57.46385542 - 103.4468085
565,1898,GH PONNY BOILED RICE PP 1kg,GOLDEN HARVEST,Single Boiled Rice,NORTH,57.46385542 - 103.4468085
566,1899,GH PONNY BOILED RICE PP 1kg,GOLDEN HARVEST,Single Boiled Rice,SOUTH,57.46385542 - 103.4468085
567,1900,GH PONNY BOILED RICE PP 1kg,GOLDEN HARVEST,Single Boiled Rice,WEST,57.46385542 - 103.4468085
568,6152,URAD DAL PREM LOOSE,COP LOOSE,Urad Dal,EAST,64.88058942 - 108.0
569,6153,URAD DAL PREM LOOSE,COP LOOSE,Urad Dal,NORTH,64.88058942 - 108.0
570,6154,URAD DAL PREM LOOSE,COP LOOSE,Urad Dal,SOUTH,64.88058942 - 108.0
571,6155,URAD DAL PREM LOOSE,COP LOOSE,Urad Dal,WEST,64.88058942 - 108.0
572,469,DESI ATTA CHANA SATTU PP 500g,DESI ATTA,Health & Other Flour,EAST,74.68058252 - 99.77368421
573,470,DESI ATTA CHANA SATTU PP 500g,DESI ATTA,Health & Other Flour,NORTH,74.68058252 - 99.77368421
574,471,DESI ATTA CHANA SATTU PP 500g,DESI ATTA,Health & Other Flour,SOUTH,74.68058252 - 99.77368421
575,472,DESI ATTA CHANA SATTU PP 500g,DESI ATTA,Health & Other Flour,WEST,74.68058252 - 99.77368421
576,3221,GH WHO SPICE SAUNF SMALL 200g,GOLDEN HARVEST,Fennel/Saunf Whole,EAST,51.62254902 - 93.0
577,3222,GH WHO SPICE SAUNF SMALL 200g,GOLDEN HARVEST,Fennel/Saunf Whole,NORTH,51.62254902 - 93.0
578,3223,GH WHO SPICE SAUNF SMALL 200g,GOLDEN HARVEST,Fennel/Saunf Whole,SOUTH,51.62254902 - 93.0
579,3224,GH WHO SPICE SAUNF SMALL 200g,GOLDEN HARVEST,Fennel/Saunf Whole,WEST,51.62254902 - 93.0
580,4427,MOTHER EARTH BLACK PEPPER 100g,MOTHER EARTH,Pepper/Kali Mirch Wh,EAST,158.6666667 - 211.26
581,4428,MOTHER EARTH BLACK PEPPER 100g,MOTHER EARTH,Pepper/Kali Mirch Wh,NORTH,158.6666667 - 211.26
582,4429,MOTHER EARTH BLACK PEPPER 100g,MOTHER EARTH,Pepper/Kali Mirch Wh,SOUTH,158.6666667 - 211.26
583,4430,MOTHER EARTH BLACK PEPPER 100g,MOTHER EARTH,Pepper/Kali Mirch Wh,WEST,158.6666667 - 211.26
584,2086,GH PRIME CHANA MAUSAMI PP 1Kg,GOLDEN HARVEST PRIME,Red Chana Whole,EAST,103.5222222 - 183.0
585,2087,GH PRIME CHANA MAUSAMI PP 1Kg,GOLDEN HARVEST PRIME,Red Chana Whole,NORTH,103.5222222 - 183.0
586,2088,GH PRIME CHANA MAUSAMI PP 1Kg,GOLDEN HARVEST PRIME,Red Chana Whole,SOUTH,103.5222222 - 183.0
587,2089,GH PRIME CHANA MAUSAMI PP 1Kg,GOLDEN HARVEST PRIME,Red Chana Whole,WEST,103.5222222 - 183.0
588,965,EKTAA WHEAT DALIYA BIG PP 500g,EKTAA,Daliya,EAST,29.81777778 - 39.74478689
589,966,EKTAA WHEAT DALIYA BIG PP 500g,EKTAA,Daliya,NORTH,29.81777778 - 39.74478689
590,967,EKTAA WHEAT DALIYA BIG PP 500g,EKTAA,Daliya,SOUTH,29.81777778 - 39.74478689
591,968,EKTAA WHEAT DALIYA BIG PP 500g,EKTAA,Daliya,WEST,29.81777778 - 39.74478689
592,3048,GH WHO SPICE GREEN CARDAMOM 50g,GOLDEN HARVEST,Cardamom/Elaichi Who,EAST,93.54205056 - 293.9607143
593,3049,GH WHO SPICE GREEN CARDAMOM 50g,GOLDEN HARVEST,Cardamom/Elaichi Who,NORTH,93.54205056 - 293.9607143
594,3050,GH WHO SPICE GREEN CARDAMOM 50g,GOLDEN HARVEST,Cardamom/Elaichi Who,SOUTH,93.54205056 - 293.9607143
595,3051,GH WHO SPICE GREEN CARDAMOM 50g,GOLDEN HARVEST,Cardamom/Elaichi Who,WEST,93.54205056 - 293.9607143
596,3903,KARMIQ DRIED BLUEBERRIES 100g,KARMIQ,Other Dried Fruits,EAST,199.0 - 334.1692913
597,3904,KARMIQ DRIED BLUEBERRIES 100g,KARMIQ,Other Dried Fruits,NORTH,199.0 - 334.1692913
598,3905,KARMIQ DRIED BLUEBERRIES 100g,KARMIQ,Other Dried Fruits,SOUTH,199.0 - 334.1692913
599,3906,KARMIQ DRIED BLUEBERRIES 100g,KARMIQ,Other Dried Fruits,WEST,199.0 - 334.1692913
600,642,DESI ATTA MOONG PAKORA MIX PP 200g,DESI ATTA,North Indian Mixes,EAST,36.04444444 - 60.98484848
601,643,DESI ATTA MOONG PAKORA MIX PP 200g,DESI ATTA,North Indian Mixes,NORTH,36.04444444 - 60.98484848
602,644,DESI ATTA MOONG PAKORA MIX PP 200g,DESI ATTA,North Indian Mixes,SOUTH,36.04444444 - 60.98484848
603,645,DESI ATTA MOONG PAKORA MIX PP 200g,DESI ATTA,North Indian Mixes,WEST,36.04444444 - 60.98484848
604,5731,SANGIS KITCHEN NUTMG POWDER BT 40g,'SANGI''S KITCHEN',Herbs & Seasoning,EAST,106.6301099 - 150.4098837
605,5732,SANGIS KITCHEN NUTMG POWDER BT 40g,'SANGI''S KITCHEN',Herbs & Seasoning,NORTH,106.6301099 - 150.4098837
606,5733,SANGIS KITCHEN NUTMG POWDER BT 40g,'SANGI''S KITCHEN',Herbs & Seasoning,SOUTH,106.6301099 - 150.4098837
607,5734,SANGIS KITCHEN NUTMG POWDER BT 40g,'SANGI''S KITCHEN',Herbs & Seasoning,WEST,106.6301099 - 150.4098837
608,3232,GH WHO SPICE SHAHI JEERA 50g,GOLDEN HARVEST,Cumin/Jeera Whole,EAST,44.24040576 - 63.0
609,3233,GH WHO SPICE SHAHI JEERA 50g,GOLDEN HARVEST,Cumin/Jeera Whole,NORTH,44.24040576 - 63.0
610,3234,GH WHO SPICE SHAHI JEERA 50g,GOLDEN HARVEST,Cumin/Jeera Whole,SOUTH,44.24040576 - 63.0
611,3235,GH WHO SPICE SHAHI JEERA 50g,GOLDEN HARVEST,Cumin/Jeera Whole,WEST,44.24040576 - 63.0
612,1251,GH CHANA DAL PREM 500g,GOLDEN HARVEST,Chana Dal,EAST,33.0 - 54.62216749
613,1252,GH CHANA DAL PREM 500g,GOLDEN HARVEST,Chana Dal,NORTH,33.0 - 54.62216749
614,1253,GH CHANA DAL PREM 500g,GOLDEN HARVEST,Chana Dal,SOUTH,33.0 - 54.62216749
615,1254,GH CHANA DAL PREM 500g,GOLDEN HARVEST,Chana Dal,WEST,33.0 - 54.62216749
616,3274,GH WHOSPICEBLACKCARDAMM 50g,GOLDEN HARVEST,Cardamom/Elaichi Who,EAST,80.53956506 - 114.132766
617,3275,GH WHOSPICEBLACKCARDAMM 50g,GOLDEN HARVEST,Cardamom/Elaichi Who,NORTH,80.53956506 - 114.132766
618,3276,GH WHOSPICEBLACKCARDAMM 50g,GOLDEN HARVEST,Cardamom/Elaichi Who,SOUTH,80.53956506 - 114.132766
619,3277,GH WHOSPICEBLACKCARDAMM 50g,GOLDEN HARVEST,Cardamom/Elaichi Who,WEST,80.53956506 - 114.132766
620,3168,GH WHO SPICE MUSTARD SMALL 200g,GOLDEN HARVEST,Mustard/Rai Whole,EAST,22.22603369 - 36.0
621,3169,GH WHO SPICE MUSTARD SMALL 200g,GOLDEN HARVEST,Mustard/Rai Whole,NORTH,22.22603369 - 36.0
622,3170,GH WHO SPICE MUSTARD SMALL 200g,GOLDEN HARVEST,Mustard/Rai Whole,SOUTH,22.22603369 - 36.0
623,3171,GH WHO SPICE MUSTARD SMALL 200g,GOLDEN HARVEST,Mustard/Rai Whole,WEST,22.22603369 - 36.0
624,2026,GH POWDER SPICE TEEKHI MIRCH PP 200g,GOLDEN HARVEST,Chilli/Mirch Powder,EAST,46.62539185 - 75.56140351
625,2027,GH POWDER SPICE TEEKHI MIRCH PP 200g,GOLDEN HARVEST,Chilli/Mirch Powder,NORTH,46.62539185 - 75.56140351
626,2028,GH POWDER SPICE TEEKHI MIRCH PP 200g,GOLDEN HARVEST,Chilli/Mirch Powder,SOUTH,46.62539185 - 75.56140351
627,2029,GH POWDER SPICE TEEKHI MIRCH PP 200g,GOLDEN HARVEST,Chilli/Mirch Powder,WEST,46.62539185 - 75.56140351
628,4470,MOTHER EARTH FENNEL SEEDS 100g,MOTHER EARTH,Fennel/Saunf Whole,EAST,52.81361502 - 62.48275862
629,4471,MOTHER EARTH FENNEL SEEDS 100g,MOTHER EARTH,Fennel/Saunf Whole,NORTH,52.81361502 - 62.48275862
630,4472,MOTHER EARTH FENNEL SEEDS 100g,MOTHER EARTH,Fennel/Saunf Whole,SOUTH,52.81361502 - 62.48275862
631,4473,MOTHER EARTH FENNEL SEEDS 100g,MOTHER EARTH,Fennel/Saunf Whole,WEST,52.81361502 - 62.48275862
632,5803,SANGIS KITCHEN SAUNF BARIK WHOLE PP 50g,'SANGI''S KITCHEN',Fennel/Saunf Whole,EAST,27.96391129 - 45.01730769
633,5804,SANGIS KITCHEN SAUNF BARIK WHOLE PP 50g,'SANGI''S KITCHEN',Fennel/Saunf Whole,NORTH,27.96391129 - 45.01730769
634,5805,SANGIS KITCHEN SAUNF BARIK WHOLE PP 50g,'SANGI''S KITCHEN',Fennel/Saunf Whole,SOUTH,27.96391129 - 45.01730769
635,5806,SANGIS KITCHEN SAUNF BARIK WHOLE PP 50g,'SANGI''S KITCHEN',Fennel/Saunf Whole,WEST,27.96391129 - 45.01730769
636,2752,GH SUGAR 5Kg,GOLDEN HARVEST,Basic Sugar,EAST,182.5523593 - 253.4103586
637,2753,GH SUGAR 5Kg,GOLDEN HARVEST,Basic Sugar,NORTH,182.5523593 - 253.4103586
638,2754,GH SUGAR 5Kg,GOLDEN HARVEST,Basic Sugar,SOUTH,182.5523593 - 253.4103586
639,2755,GH SUGAR 5Kg,GOLDEN HARVEST,Basic Sugar,WEST,182.5523593 - 253.4103586
640,3248,GH WHO SPICE TEJ PATTA 50g,GOLDEN HARVEST,Bay Leaf/Tej Patta W,EAST,18.81714286 - 25.17472335
641,3249,GH WHO SPICE TEJ PATTA 50g,GOLDEN HARVEST,Bay Leaf/Tej Patta W,NORTH,18.81714286 - 25.17472335
642,3250,GH WHO SPICE TEJ PATTA 50g,GOLDEN HARVEST,Bay Leaf/Tej Patta W,SOUTH,18.81714286 - 25.17472335
643,3251,GH WHO SPICE TEJ PATTA 50g,GOLDEN HARVEST,Bay Leaf/Tej Patta W,WEST,18.81714286 - 25.17472335
644,1964,GH POW SPICE RED CHILLI PP 100g,GOLDEN HARVEST,Chilli/Mirch Powder,EAST,15.9975163 - 38.39090208
645,1965,GH POW SPICE RED CHILLI PP 100g,GOLDEN HARVEST,Chilli/Mirch Powder,NORTH,15.9975163 - 38.39090208
646,1966,GH POW SPICE RED CHILLI PP 100g,GOLDEN HARVEST,Chilli/Mirch Powder,SOUTH,15.9975163 - 38.39090208
647,1967,GH POW SPICE RED CHILLI PP 100g,GOLDEN HARVEST,Chilli/Mirch Powder,WEST,15.9975163 - 38.39090208
648,506,DESI ATTA CO BESAN LADOO MIX 500g,DESI ATTA,North Indian Mixes,EAST,66.825 - 136.3051643
649,507,DESI ATTA CO BESAN LADOO MIX 500g,DESI ATTA,North Indian Mixes,NORTH,66.825 - 136.3051643
650,508,DESI ATTA CO BESAN LADOO MIX 500g,DESI ATTA,North Indian Mixes,SOUTH,66.825 - 136.3051643
651,509,DESI ATTA CO BESAN LADOO MIX 500g,DESI ATTA,North Indian Mixes,WEST,66.825 - 136.3051643
652,1934,GH POW SPICE DRY GINGER 100g,GOLDEN HARVEST,Other Powdered Spice,EAST,34.60165975 - 90.0
653,1935,GH POW SPICE DRY GINGER 100g,GOLDEN HARVEST,Other Powdered Spice,NORTH,34.60165975 - 90.0
654,1936,GH POW SPICE DRY GINGER 100g,GOLDEN HARVEST,Other Powdered Spice,SOUTH,34.60165975 - 90.0
655,1937,GH POW SPICE DRY GINGER 100g,GOLDEN HARVEST,Other Powdered Spice,WEST,34.60165975 - 90.0
656,5408,RICE SURTI KOLAM PREMIUM LOOSE,COP LOOSE,Kolam Raw Rice,EAST,40.0 - 85.00167056
657,5409,RICE SURTI KOLAM PREMIUM LOOSE,COP LOOSE,Kolam Raw Rice,NORTH,40.0 - 85.00167056
658,5410,RICE SURTI KOLAM PREMIUM LOOSE,COP LOOSE,Kolam Raw Rice,SOUTH,40.0 - 85.00167056
659,5411,RICE SURTI KOLAM PREMIUM LOOSE,COP LOOSE,Kolam Raw Rice,WEST,40.0 - 85.00167056
660,1231,GH CALIFORNIA WALNUT WHOLE PP 500g,GOLDEN HARVEST,Walnut,EAST,211.4748871 - 426.9991803
661,1232,GH CALIFORNIA WALNUT WHOLE PP 500g,GOLDEN HARVEST,Walnut,NORTH,211.4748871 - 426.9991803
662,1233,GH CALIFORNIA WALNUT WHOLE PP 500g,GOLDEN HARVEST,Walnut,SOUTH,211.4748871 - 426.9991803
663,1234,GH CALIFORNIA WALNUT WHOLE PP 500g,GOLDEN HARVEST,Walnut,WEST,211.4748871 - 426.9991803
664,4207,KOSH OATS BROKEN PP 500g,KOSH,Daliya,EAST,35.94736842 - 89.125
665,4208,KOSH OATS BROKEN PP 500g,KOSH,Daliya,NORTH,35.94736842 - 89.125
666,4209,KOSH OATS BROKEN PP 500g,KOSH,Daliya,SOUTH,35.94736842 - 89.125
667,4210,KOSH OATS BROKEN PP 500g,KOSH,Daliya,WEST,35.94736842 - 89.125
668,1086,GH AMBEMOHAR RICE PP 1kg,GOLDEN HARVEST,Fragrant Raw Rice,EAST,80.36236934 - 131.5733945
669,1087,GH AMBEMOHAR RICE PP 1kg,GOLDEN HARVEST,Fragrant Raw Rice,NORTH,80.36236934 - 131.5733945
670,1088,GH AMBEMOHAR RICE PP 1kg,GOLDEN HARVEST,Fragrant Raw Rice,SOUTH,80.36236934 - 131.5733945
671,1089,GH AMBEMOHAR RICE PP 1kg,GOLDEN HARVEST,Fragrant Raw Rice,WEST,80.36236934 - 131.5733945
672,4407,MOONG WHOLE PREM LOOSE,COP LOOSE,Moong Whole,NORTH,72.62939284 - 102.9957811
673,4408,MOONG WHOLE PREM LOOSE,COP LOOSE,Moong Whole,SOUTH,72.62939284 - 102.9957811
674,4409,MOONG WHOLE PREM LOOSE,COP LOOSE,Moong Whole,WEST,72.62939284 - 102.9957811
675,3961,KARMIQ MAMRA ALMONDS PP 500g,KARMIQ,Almond,EAST,626.3157895 - 2250.0
676,3962,KARMIQ MAMRA ALMONDS PP 500g,KARMIQ,Almond,NORTH,626.3157895 - 2250.0
677,3963,KARMIQ MAMRA ALMONDS PP 500g,KARMIQ,Almond,SOUTH,626.3157895 - 2250.0
678,3964,KARMIQ MAMRA ALMONDS PP 500g,KARMIQ,Almond,WEST,626.3157895 - 2250.0
679,678,DESI ATTA RAVA DOSA PP 500g,DESI ATTA,South Indian Mixes,EAST,62.2923588 - 85.22666667
680,679,DESI ATTA RAVA DOSA PP 500g,DESI ATTA,South Indian Mixes,NORTH,62.2923588 - 85.22666667
681,680,DESI ATTA RAVA DOSA PP 500g,DESI ATTA,South Indian Mixes,SOUTH,62.2923588 - 85.22666667
682,681,DESI ATTA RAVA DOSA PP 500g,DESI ATTA,South Indian Mixes,WEST,62.2923588 - 85.22666667
683,1227,GH CALIFORNIA WALNUT WHOLE PP 1kg,GOLDEN HARVEST,Walnut,EAST,407.2014242 - 858.2888617
684,1228,GH CALIFORNIA WALNUT WHOLE PP 1kg,GOLDEN HARVEST,Walnut,NORTH,407.2014242 - 858.2888617
685,1229,GH CALIFORNIA WALNUT WHOLE PP 1kg,GOLDEN HARVEST,Walnut,SOUTH,407.2014242 - 858.2888617
686,1230,GH CALIFORNIA WALNUT WHOLE PP 1kg,GOLDEN HARVEST,Walnut,WEST,407.2014242 - 858.2888617
687,1925,GH POW SPICE CORIANDER PP 500g,GOLDEN HARVEST,Coriander/Dhania Pow,EAST,91.13126261 - 149.9775468
688,1926,GH POW SPICE CORIANDER PP 500g,GOLDEN HARVEST,Coriander/Dhania Pow,NORTH,91.13126261 - 149.9775468
689,1927,GH POW SPICE CORIANDER PP 500g,GOLDEN HARVEST,Coriander/Dhania Pow,SOUTH,91.13126261 - 149.9775468
690,1928,GH POW SPICE CORIANDER PP 500g,GOLDEN HARVEST,Coriander/Dhania Pow,WEST,91.13126261 - 149.9775468
691,2078,GH PRIME CHANA DAL PP 500g,GOLDEN HARVEST PRIME,Chana Dal,EAST,14.4 - 68.0
692,2079,GH PRIME CHANA DAL PP 500g,GOLDEN HARVEST PRIME,Chana Dal,NORTH,14.4 - 68.0
693,2080,GH PRIME CHANA DAL PP 500g,GOLDEN HARVEST PRIME,Chana Dal,SOUTH,14.4 - 68.0
694,2081,GH PRIME CHANA DAL PP 500g,GOLDEN HARVEST PRIME,Chana Dal,WEST,14.4 - 68.0
695,2181,GH PRIME MOONG DAL CHILKA PP 500g,GOLDEN HARVEST PRIME,Moong Chilka,EAST,12.0 - 71.0
696,2182,GH PRIME MOONG DAL CHILKA PP 500g,GOLDEN HARVEST PRIME,Moong Chilka,NORTH,12.0 - 71.0
697,2183,GH PRIME MOONG DAL CHILKA PP 500g,GOLDEN HARVEST PRIME,Moong Chilka,SOUTH,12.0 - 71.0
698,2184,GH PRIME MOONG DAL CHILKA PP 500g,GOLDEN HARVEST PRIME,Moong Chilka,WEST,12.0 - 71.0
699,630,DESI ATTA MASUR DAL PP 200g,DESI ATTA,Health & Other Flour,EAST,28.76119403 - 42.18181818
700,631,DESI ATTA MASUR DAL PP 200g,DESI ATTA,Health & Other Flour,NORTH,28.76119403 - 42.18181818
701,632,DESI ATTA MASUR DAL PP 200g,DESI ATTA,Health & Other Flour,SOUTH,28.76119403 - 42.18181818
702,633,DESI ATTA MASUR DAL PP 200g,DESI ATTA,Health & Other Flour,WEST,28.76119403 - 42.18181818
703,569,DESI ATTA COARSE/MOTA BESAN PP 500g,DESI ATTA,Besan,EAST,49.64507042 - 71.51588154
704,570,DESI ATTA COARSE/MOTA BESAN PP 500g,DESI ATTA,Besan,NORTH,49.64507042 - 71.51588154
705,571,DESI ATTA COARSE/MOTA BESAN PP 500g,DESI ATTA,Besan,SOUTH,49.64507042 - 71.51588154
706,572,DESI ATTA COARSE/MOTA BESAN PP 500g,DESI ATTA,Besan,WEST,49.64507042 - 71.51588154
707,1711,GH MASOOR DAL BLACK WHOLE 1kg,GOLDEN HARVEST,Masoor Whole,EAST,66.10295359 - 120.0
708,1712,GH MASOOR DAL BLACK WHOLE 1kg,GOLDEN HARVEST,Masoor Whole,NORTH,66.10295359 - 120.0
709,1713,GH MASOOR DAL BLACK WHOLE 1kg,GOLDEN HARVEST,Masoor Whole,SOUTH,66.10295359 - 120.0
710,1714,GH MASOOR DAL BLACK WHOLE 1kg,GOLDEN HARVEST,Masoor Whole,WEST,66.10295359 - 120.0
711,1674,GH LAJAWAAB BASMATI RICE PP 5kg,GOLDEN HARVEST,Supreme Rice,EAST,456.7721519 - 707.5955882
712,1675,GH LAJAWAAB BASMATI RICE PP 5kg,GOLDEN HARVEST,Supreme Rice,NORTH,456.7721519 - 707.5955882
713,1676,GH LAJAWAAB BASMATI RICE PP 5kg,GOLDEN HARVEST,Supreme Rice,SOUTH,456.7721519 - 707.5955882
714,1677,GH LAJAWAAB BASMATI RICE PP 5kg,GOLDEN HARVEST,Supreme Rice,WEST,456.7721519 - 707.5955882
715,4192,KOSH FLOUR WHEAT OAT ATTA PP 1kg,KOSH,Multigrain Flour,EAST,36.60662824 - 62.0
716,4193,KOSH FLOUR WHEAT OAT ATTA PP 1kg,KOSH,Multigrain Flour,NORTH,36.60662824 - 62.0
717,4194,KOSH FLOUR WHEAT OAT ATTA PP 1kg,KOSH,Multigrain Flour,SOUTH,36.60662824 - 62.0
718,4195,KOSH FLOUR WHEAT OAT ATTA PP 1kg,KOSH,Multigrain Flour,WEST,36.60662824 - 62.0
719,2170,GH PRIME MASUR DAL PP 500g,GOLDEN HARVEST PRIME,Masoor Dal,EAST,15.6 - 53.53703704
720,2171,GH PRIME MASUR DAL PP 500g,GOLDEN HARVEST PRIME,Masoor Dal,NORTH,15.6 - 53.53703704
721,2172,GH PRIME MASUR DAL PP 500g,GOLDEN HARVEST PRIME,Masoor Dal,SOUTH,15.6 - 53.53703704
722,2173,GH PRIME MASUR DAL PP 500g,GOLDEN HARVEST PRIME,Masoor Dal,WEST,15.6 - 53.53703704
723,6115,TUR DAL STD LOOSE,COP LOOSE,Toor Dal,EAST,61.00264628 - 93.59457741
724,6116,TUR DAL STD LOOSE,COP LOOSE,Toor Dal,NORTH,61.00264628 - 93.59457741
725,6117,TUR DAL STD LOOSE,COP LOOSE,Toor Dal,SOUTH,61.00264628 - 93.59457741
726,6118,TUR DAL STD LOOSE,COP LOOSE,Toor Dal,WEST,61.00264628 - 93.59457741
727,1913,GH POW SPICE CHILLI KUTTI 100g,GOLDEN HARVEST,Chilli/Mirch Powder,EAST,27.26315789 - 50.88158416
728,1914,GH POW SPICE CHILLI KUTTI 100g,GOLDEN HARVEST,Chilli/Mirch Powder,NORTH,27.26315789 - 50.88158416
729,1915,GH POW SPICE CHILLI KUTTI 100g,GOLDEN HARVEST,Chilli/Mirch Powder,SOUTH,27.26315789 - 50.88158416
730,1916,GH POW SPICE CHILLI KUTTI 100g,GOLDEN HARVEST,Chilli/Mirch Powder,WEST,27.26315789 - 50.88158416
731,2030,GH POWDER SPICE TEEKHI MIRCH PP 500g,GOLDEN HARVEST,Chilli/Mirch Powder,EAST,87.14285714 - 180.2033426
732,2031,GH POWDER SPICE TEEKHI MIRCH PP 500g,GOLDEN HARVEST,Chilli/Mirch Powder,NORTH,87.14285714 - 180.2033426
733,2032,GH POWDER SPICE TEEKHI MIRCH PP 500g,GOLDEN HARVEST,Chilli/Mirch Powder,SOUTH,87.14285714 - 180.2033426
734,2033,GH POWDER SPICE TEEKHI MIRCH PP 500g,GOLDEN HARVEST,Chilli/Mirch Powder,WEST,87.14285714 - 180.2033426
735,3633,GOLDEN HARVEST KISMIS PREMIUM 200g,GOLDEN HARVEST,Raisin,EAST,76.88310502 - 142.9487179
736,3634,GOLDEN HARVEST KISMIS PREMIUM 200g,GOLDEN HARVEST,Raisin,NORTH,76.88310502 - 142.9487179
737,3635,GOLDEN HARVEST KISMIS PREMIUM 200g,GOLDEN HARVEST,Raisin,SOUTH,76.88310502 - 142.9487179
738,3636,GOLDEN HARVEST KISMIS PREMIUM 200g,GOLDEN HARVEST,Raisin,WEST,76.88310502 - 142.9487179
739,4153,KARMIQ WALNUT SHELLED PP 500g,KARMIQ,Walnut,EAST,589.0 - 1130.0
740,4154,KARMIQ WALNUT SHELLED PP 500g,KARMIQ,Walnut,NORTH,589.0 - 1130.0
741,4155,KARMIQ WALNUT SHELLED PP 500g,KARMIQ,Walnut,SOUTH,589.0 - 1130.0
742,4156,KARMIQ WALNUT SHELLED PP 500g,KARMIQ,Walnut,WEST,589.0 - 1130.0
743,5583,SANGIS KITCHEN CRDAMOM POWDER BT 37g,'SANGI''S KITCHEN',Herbs & Seasoning,EAST,116.7022472 - 159.8835616
744,5584,SANGIS KITCHEN CRDAMOM POWDER BT 37g,'SANGI''S KITCHEN',Herbs & Seasoning,NORTH,116.7022472 - 159.8835616
745,5585,SANGIS KITCHEN CRDAMOM POWDER BT 37g,'SANGI''S KITCHEN',Herbs & Seasoning,SOUTH,116.7022472 - 159.8835616
746,5586,SANGIS KITCHEN CRDAMOM POWDER BT 37g,'SANGI''S KITCHEN',Herbs & Seasoning,WEST,116.7022472 - 159.8835616
747,4149,KARMIQ WALNUT SHELLED PP 200g,KARMIQ,Walnut,EAST,257.2178218 - 459.7016706
748,4150,KARMIQ WALNUT SHELLED PP 200g,KARMIQ,Walnut,NORTH,257.2178218 - 459.7016706
749,4151,KARMIQ WALNUT SHELLED PP 200g,KARMIQ,Walnut,SOUTH,257.2178218 - 459.7016706
750,4152,KARMIQ WALNUT SHELLED PP 200g,KARMIQ,Walnut,WEST,257.2178218 - 459.7016706
751,4580,MOTHER EARTH URAD DAL 500g,MOTHER EARTH,Urad Dal,EAST,108.7234043 - 140.4210526
752,4581,MOTHER EARTH URAD DAL 500g,MOTHER EARTH,Urad Dal,NORTH,108.7234043 - 140.4210526
753,4582,MOTHER EARTH URAD DAL 500g,MOTHER EARTH,Urad Dal,SOUTH,108.7234043 - 140.4210526
754,4583,MOTHER EARTH URAD DAL 500g,MOTHER EARTH,Urad Dal,WEST,108.7234043 - 140.4210526
755,1305,GH CHANA RED SMALL 500g,GOLDEN HARVEST,Red Chana Whole,EAST,32.96283784 - 70.61777778
756,1306,GH CHANA RED SMALL 500g,GOLDEN HARVEST,Red Chana Whole,NORTH,32.96283784 - 70.61777778
757,1307,GH CHANA RED SMALL 500g,GOLDEN HARVEST,Red Chana Whole,SOUTH,32.96283784 - 70.61777778
758,1308,GH CHANA RED SMALL 500g,GOLDEN HARVEST,Red Chana Whole,WEST,32.96283784 - 70.61777778
759,3044,GH WHO SPICE GREEN CARDAMM 25g,GOLDEN HARVEST,Cardamom/Elaichi Who,EAST,49.78304239 - 183.6852679
760,3045,GH WHO SPICE GREEN CARDAMM 25g,GOLDEN HARVEST,Cardamom/Elaichi Who,NORTH,49.78304239 - 183.6852679
761,3046,GH WHO SPICE GREEN CARDAMM 25g,GOLDEN HARVEST,Cardamom/Elaichi Who,SOUTH,49.78304239 - 183.6852679
762,3047,GH WHO SPICE GREEN CARDAMM 25g,GOLDEN HARVEST,Cardamom/Elaichi Who,WEST,49.78304239 - 183.6852679
763,2370,GH PRIME WHO SPICE YELLOW SARSON 200g,GOLDEN HARVEST PRIME,Mustard/Rai Whole,EAST,21.83461538 - 46.0
764,2371,GH PRIME WHO SPICE YELLOW SARSON 200g,GOLDEN HARVEST PRIME,Mustard/Rai Whole,NORTH,21.83461538 - 46.0
765,2372,GH PRIME WHO SPICE YELLOW SARSON 200g,GOLDEN HARVEST PRIME,Mustard/Rai Whole,SOUTH,21.83461538 - 46.0
766,2373,GH PRIME WHO SPICE YELLOW SARSON 200g,GOLDEN HARVEST PRIME,Mustard/Rai Whole,WEST,21.83461538 - 46.0
767,1499,GH FRUIT N NUT AKHROT GIRI REGULAR 200g,GOLDEN HARVEST,Walnut,EAST,185.9373395 - 279.8436155
768,1500,GH FRUIT N NUT AKHROT GIRI REGULAR 200g,GOLDEN HARVEST,Walnut,NORTH,185.9373395 - 279.8436155
769,1501,GH FRUIT N NUT AKHROT GIRI REGULAR 200g,GOLDEN HARVEST,Walnut,SOUTH,185.9373395 - 279.8436155
770,1502,GH FRUIT N NUT AKHROT GIRI REGULAR 200g,GOLDEN HARVEST,Walnut,WEST,185.9373395 - 279.8436155
771,461,DESI ATTA BHAGAR/SHAMAK/VARAI PP 200g,DESI ATTA,Upwas Flour,EAST,30.0 - 45.50704225
772,462,DESI ATTA BHAGAR/SHAMAK/VARAI PP 200g,DESI ATTA,Upwas Flour,NORTH,30.0 - 45.50704225
773,463,DESI ATTA BHAGAR/SHAMAK/VARAI PP 200g,DESI ATTA,Upwas Flour,SOUTH,30.0 - 45.50704225
774,464,DESI ATTA BHAGAR/SHAMAK/VARAI PP 200g,DESI ATTA,Upwas Flour,WEST,30.0 - 45.50704225
775,6019,SUGAR MEDIUM LOOSE,COP LOOSE,Basic Sugar,EAST,31.0 - 43.27166061
776,6020,SUGAR MEDIUM LOOSE,COP LOOSE,Basic Sugar,NORTH,31.0 - 43.27166061
777,6021,SUGAR MEDIUM LOOSE,COP LOOSE,Basic Sugar,SOUTH,31.0 - 43.27166061
778,6022,SUGAR MEDIUM LOOSE,COP LOOSE,Basic Sugar,WEST,31.0 - 43.27166061
779,5930,SANGIS KTCNKASHMIRICHILLI PWDR PP 200g,'SANGI''S KITCHEN',Chilli/Mirch Powder,EAST,77.92129032 - 100.2
780,5931,SANGIS KTCNKASHMIRICHILLI PWDR PP 200g,'SANGI''S KITCHEN',Chilli/Mirch Powder,NORTH,77.92129032 - 100.2
781,5932,SANGIS KTCNKASHMIRICHILLI PWDR PP 200g,'SANGI''S KITCHEN',Chilli/Mirch Powder,SOUTH,77.92129032 - 100.2
782,5933,SANGIS KTCNKASHMIRICHILLI PWDR PP 200g,'SANGI''S KITCHEN',Chilli/Mirch Powder,WEST,77.92129032 - 100.2
783,1771,GH MOONG DAL PREM 500g,GOLDEN HARVEST,Moong Dal,EAST,17.44303797 - 61.66390041
784,1772,GH MOONG DAL PREM 500g,GOLDEN HARVEST,Moong Dal,NORTH,17.44303797 - 61.66390041
785,1773,GH MOONG DAL PREM 500g,GOLDEN HARVEST,Moong Dal,SOUTH,17.44303797 - 61.66390041
786,1774,GH MOONG DAL PREM 500g,GOLDEN HARVEST,Moong Dal,WEST,17.44303797 - 61.66390041
787,1329,GH CHAWLI WHITE LOBHIA 500g,GOLDEN HARVEST,Chawli Whole,EAST,36.45681818 - 56.36604775
788,1330,GH CHAWLI WHITE LOBHIA 500g,GOLDEN HARVEST,Chawli Whole,NORTH,36.45681818 - 56.36604775
789,1331,GH CHAWLI WHITE LOBHIA 500g,GOLDEN HARVEST,Chawli Whole,SOUTH,36.45681818 - 56.36604775
790,1332,GH CHAWLI WHITE LOBHIA 500g,GOLDEN HARVEST,Chawli Whole,WEST,36.45681818 - 56.36604775
791,2197,GH PRIME MOONG WHOLE GREEN PP 500g,GOLDEN HARVEST PRIME,Moong Whole,EAST,28.16 - 66.1969697
792,2198,GH PRIME MOONG WHOLE GREEN PP 500g,GOLDEN HARVEST PRIME,Moong Whole,NORTH,28.16 - 66.1969697
793,2199,GH PRIME MOONG WHOLE GREEN PP 500g,GOLDEN HARVEST PRIME,Moong Whole,SOUTH,28.16 - 66.1969697
794,2200,GH PRIME MOONG WHOLE GREEN PP 500g,GOLDEN HARVEST PRIME,Moong Whole,WEST,28.16 - 66.1969697
795,1939,GH POW SPICE DRY MANGO 100g,GOLDEN HARVEST,Dry Mango/Amchur Pow,EAST,47.76878049 - 90.27672697
796,1940,GH POW SPICE DRY MANGO 100g,GOLDEN HARVEST,Dry Mango/Amchur Pow,NORTH,47.76878049 - 90.27672697
797,1941,GH POW SPICE DRY MANGO 100g,GOLDEN HARVEST,Dry Mango/Amchur Pow,SOUTH,47.76878049 - 90.27672697
798,1942,GH POW SPICE DRY MANGO 100g,GOLDEN HARVEST,Dry Mango/Amchur Pow,WEST,47.76878049 - 90.27672697
799,3831,KARMIQ ALMOND PREMIUM PP 200g,KARMIQ,Almond,EAST,160.7443299 - 249.9533394
800,3832,KARMIQ ALMOND PREMIUM PP 200g,KARMIQ,Almond,NORTH,160.7443299 - 249.9533394
801,3833,KARMIQ ALMOND PREMIUM PP 200g,KARMIQ,Almond,SOUTH,160.7443299 - 249.9533394
802,3834,KARMIQ ALMOND PREMIUM PP 200g,KARMIQ,Almond,WEST,160.7443299 - 249.9533394
803,682,DESI ATTA RED CHANA ATTA PP 500g,DESI ATTA,Besan,EAST,60.64642082 - 79.02025641
804,683,DESI ATTA RED CHANA ATTA PP 500g,DESI ATTA,Besan,NORTH,60.64642082 - 79.02025641
805,684,DESI ATTA RED CHANA ATTA PP 500g,DESI ATTA,Besan,SOUTH,60.64642082 - 79.02025641
806,685,DESI ATTA RED CHANA ATTA PP 500g,DESI ATTA,Besan,WEST,60.64642082 - 79.02025641
807,694,DESI ATTA RICE IDLI MIX PP 500g,DESI ATTA,South Indian Mixes,EAST,70.18181818 - 85.60714286
808,695,DESI ATTA RICE IDLI MIX PP 500g,DESI ATTA,South Indian Mixes,NORTH,70.18181818 - 85.60714286
809,696,DESI ATTA RICE IDLI MIX PP 500g,DESI ATTA,South Indian Mixes,SOUTH,70.18181818 - 85.60714286
810,697,DESI ATTA RICE IDLI MIX PP 500g,DESI ATTA,South Indian Mixes,WEST,70.18181818 - 85.60714286
811,674,DESI ATTA RAVA DOSA MIX PP 200g,DESI ATTA,South Indian Mixes,EAST,41.72342193 - 48.66990291
812,675,DESI ATTA RAVA DOSA MIX PP 200g,DESI ATTA,South Indian Mixes,NORTH,41.72342193 - 48.66990291
813,676,DESI ATTA RAVA DOSA MIX PP 200g,DESI ATTA,South Indian Mixes,SOUTH,41.72342193 - 48.66990291
814,677,DESI ATTA RAVA DOSA MIX PP 200g,DESI ATTA,South Indian Mixes,WEST,41.72342193 - 48.66990291
815,2811,GH TRADITIONAL BASMATI RICE PP 1kg,GOLDEN HARVEST,Supreme Rice,EAST,92.16176471 - 148.4310345
816,2812,GH TRADITIONAL BASMATI RICE PP 1kg,GOLDEN HARVEST,Supreme Rice,NORTH,92.16176471 - 148.4310345
817,2813,GH TRADITIONAL BASMATI RICE PP 1kg,GOLDEN HARVEST,Supreme Rice,SOUTH,92.16176471 - 148.4310345
818,2814,GH TRADITIONAL BASMATI RICE PP 1kg,GOLDEN HARVEST,Supreme Rice,WEST,92.16176471 - 148.4310345
819,4087,KARMIQ ROASTED & SALTED ALMONDS PP 200g,KARMIQ,Flavoured Almond,EAST,193.2627427 - 381.5447154
820,4088,KARMIQ ROASTED & SALTED ALMONDS PP 200g,KARMIQ,Flavoured Almond,NORTH,193.2627427 - 381.5447154
821,4089,KARMIQ ROASTED & SALTED ALMONDS PP 200g,KARMIQ,Flavoured Almond,SOUTH,193.2627427 - 381.5447154
822,4090,KARMIQ ROASTED & SALTED ALMONDS PP 200g,KARMIQ,Flavoured Almond,WEST,193.2627427 - 381.5447154
823,4043,KARMIQ OLIVE OIL POMACE BT 1L,KARMIQ,Olive & Exotic Oil,EAST,364.0327869 - 900.3973684
824,4044,KARMIQ OLIVE OIL POMACE BT 1L,KARMIQ,Olive & Exotic Oil,NORTH,364.0327869 - 900.3973684
825,4045,KARMIQ OLIVE OIL POMACE BT 1L,KARMIQ,Olive & Exotic Oil,SOUTH,364.0327869 - 900.3973684
826,4046,KARMIQ OLIVE OIL POMACE BT 1L,KARMIQ,Olive & Exotic Oil,WEST,364.0327869 - 900.3973684
827,1917,GH POW SPICE CORIANDER PP 100g,GOLDEN HARVEST,Coriander/Dhania Pow,EAST,18.02677686 - 33.98734905
828,1918,GH POW SPICE CORIANDER PP 100g,GOLDEN HARVEST,Coriander/Dhania Pow,NORTH,18.02677686 - 33.98734905
829,1919,GH POW SPICE CORIANDER PP 100g,GOLDEN HARVEST,Coriander/Dhania Pow,SOUTH,18.02677686 - 33.98734905
830,1920,GH POW SPICE CORIANDER PP 100g,GOLDEN HARVEST,Coriander/Dhania Pow,WEST,18.02677686 - 33.98734905
831,561,DESI ATTA CO THEPLA MIX PP 500g,DESI ATTA,North Indian Mixes,EAST,61.18461538 - 80.1220339
832,562,DESI ATTA CO THEPLA MIX PP 500g,DESI ATTA,North Indian Mixes,NORTH,61.18461538 - 80.1220339
833,563,DESI ATTA CO THEPLA MIX PP 500g,DESI ATTA,North Indian Mixes,SOUTH,61.18461538 - 80.1220339
834,564,DESI ATTA CO THEPLA MIX PP 500g,DESI ATTA,North Indian Mixes,WEST,61.18461538 - 80.1220339
835,5229,RICE IDLI LOOSE,COP LOOSE,Single Boiled Rice,EAST,38.4702346 - 70.10959351
836,5230,RICE IDLI LOOSE,COP LOOSE,Single Boiled Rice,NORTH,38.4702346 - 70.10959351
837,5231,RICE IDLI LOOSE,COP LOOSE,Single Boiled Rice,SOUTH,38.4702346 - 70.10959351
838,5232,RICE IDLI LOOSE,COP LOOSE,Single Boiled Rice,WEST,38.4702346 - 70.10959351
839,5971,SHUBHRA RICESONA MASURI PP 1Kg,SHUBHRA,Sona Masoori Raw Ric,EAST,41.21236911 - 80.0
840,5972,SHUBHRA RICESONA MASURI PP 1Kg,SHUBHRA,Sona Masoori Raw Ric,NORTH,41.21236911 - 80.0
841,5973,SHUBHRA RICESONA MASURI PP 1Kg,SHUBHRA,Sona Masoori Raw Ric,SOUTH,41.21236911 - 80.0
842,5974,SHUBHRA RICESONA MASURI PP 1Kg,SHUBHRA,Sona Masoori Raw Ric,WEST,41.21236911 - 80.0
843,1972,GH POW SPICE RED CHILLI PP 500g,GOLDEN HARVEST,Chilli/Mirch Powder,EAST,105.2754491 - 171.2450331
844,1973,GH POW SPICE RED CHILLI PP 500g,GOLDEN HARVEST,Chilli/Mirch Powder,NORTH,105.2754491 - 171.2450331
845,1974,GH POW SPICE RED CHILLI PP 500g,GOLDEN HARVEST,Chilli/Mirch Powder,SOUTH,105.2754491 - 171.2450331
846,1975,GH POW SPICE RED CHILLI PP 500g,GOLDEN HARVEST,Chilli/Mirch Powder,WEST,105.2754491 - 171.2450331
847,924,EKTAA SMALL SABUDANA PP 500g,EKTAA,Sabudana,EAST,43.47383029 - 71.34879406
848,925,EKTAA SMALL SABUDANA PP 500g,EKTAA,Sabudana,NORTH,43.47383029 - 71.34879406
849,926,EKTAA SMALL SABUDANA PP 500g,EKTAA,Sabudana,SOUTH,43.47383029 - 71.34879406
850,927,EKTAA SMALL SABUDANA PP 500g,EKTAA,Sabudana,WEST,43.47383029 - 71.34879406
851,1269,GH CHANA KABULI PREM 1kg,GOLDEN HARVEST,Kabuli Chana Whole,EAST,63.09756098 - 199.9871795
852,1270,GH CHANA KABULI PREM 1kg,GOLDEN HARVEST,Kabuli Chana Whole,NORTH,63.09756098 - 199.9871795
853,1271,GH CHANA KABULI PREM 1kg,GOLDEN HARVEST,Kabuli Chana Whole,SOUTH,63.09756098 - 199.9871795
854,1272,GH CHANA KABULI PREM 1kg,GOLDEN HARVEST,Kabuli Chana Whole,WEST,63.09756098 - 199.9871795
855,3661,GOLDEN HARVEST PREMIUM ALMONDS 500g,GOLDEN HARVEST,Almond,EAST,378.7070005 - 468.7161496
856,3662,GOLDEN HARVEST PREMIUM ALMONDS 500g,GOLDEN HARVEST,Almond,NORTH,378.7070005 - 468.7161496
857,3663,GOLDEN HARVEST PREMIUM ALMONDS 500g,GOLDEN HARVEST,Almond,SOUTH,378.7070005 - 468.7161496
858,3664,GOLDEN HARVEST PREMIUM ALMONDS 500g,GOLDEN HARVEST,Almond,WEST,378.7070005 - 468.7161496
859,4529,MOTHER EARTH MUSTARD SEEDS 100g,MOTHER EARTH,Mustard/Rai Whole,EAST,31.4125 - 37.04219963
860,4530,MOTHER EARTH MUSTARD SEEDS 100g,MOTHER EARTH,Mustard/Rai Whole,NORTH,31.4125 - 37.04219963
861,4531,MOTHER EARTH MUSTARD SEEDS 100g,MOTHER EARTH,Mustard/Rai Whole,SOUTH,31.4125 - 37.04219963
862,4532,MOTHER EARTH MUSTARD SEEDS 100g,MOTHER EARTH,Mustard/Rai Whole,WEST,31.4125 - 37.04219963
863,4513,MOTHER EARTH MOONG DAL 500g,MOTHER EARTH,Moong Dal,EAST,89.46405229 - 95.42222222
864,4514,MOTHER EARTH MOONG DAL 500g,MOTHER EARTH,Moong Dal,NORTH,89.46405229 - 95.42222222
865,4515,MOTHER EARTH MOONG DAL 500g,MOTHER EARTH,Moong Dal,SOUTH,89.46405229 - 95.42222222
866,4516,MOTHER EARTH MOONG DAL 500g,MOTHER EARTH,Moong Dal,WEST,89.46405229 - 95.42222222
867,3621,GOLDEN HARVEST KISMIS INDIAN 200g,GOLDEN HARVEST,Raisin,EAST,59.8049236 - 107.8712871
868,3622,GOLDEN HARVEST KISMIS INDIAN 200g,GOLDEN HARVEST,Raisin,NORTH,59.8049236 - 107.8712871
869,3623,GOLDEN HARVEST KISMIS INDIAN 200g,GOLDEN HARVEST,Raisin,SOUTH,59.8049236 - 107.8712871
870,3624,GOLDEN HARVEST KISMIS INDIAN 200g,GOLDEN HARVEST,Raisin,WEST,59.8049236 - 107.8712871
871,3925,KARMIQ DRY FRUIT PRUNES 100g,KARMIQ,Other Dried Fruits,EAST,75.16120482 - 130.862069
872,3926,KARMIQ DRY FRUIT PRUNES 100g,KARMIQ,Other Dried Fruits,NORTH,75.16120482 - 130.862069
873,3927,KARMIQ DRY FRUIT PRUNES 100g,KARMIQ,Other Dried Fruits,SOUTH,75.16120482 - 130.862069
874,3928,KARMIQ DRY FRUIT PRUNES 100g,KARMIQ,Other Dried Fruits,WEST,75.16120482 - 130.862069
875,4505,MOTHER EARTH MASOOR WHOLE 500g,MOTHER EARTH,Masoor Whole,EAST,81.7 - 96.58333333
876,4506,MOTHER EARTH MASOOR WHOLE 500g,MOTHER EARTH,Masoor Whole,NORTH,81.7 - 96.58333333
877,4507,MOTHER EARTH MASOOR WHOLE 500g,MOTHER EARTH,Masoor Whole,SOUTH,81.7 - 96.58333333
878,4508,MOTHER EARTH MASOOR WHOLE 500g,MOTHER EARTH,Masoor Whole,WEST,81.7 - 96.58333333
879,5668,SANGIS KITCHEN KALONJI PP 50g,'SANGI''S KITCHEN',Other Whole Spices,EAST,18.52941176 - 25.02255639
880,5669,SANGIS KITCHEN KALONJI PP 50g,'SANGI''S KITCHEN',Other Whole Spices,NORTH,18.52941176 - 25.02255639
881,5670,SANGIS KITCHEN KALONJI PP 50g,'SANGI''S KITCHEN',Other Whole Spices,SOUTH,18.52941176 - 25.02255639
882,5671,SANGIS KITCHEN KALONJI PP 50g,'SANGI''S KITCHEN',Other Whole Spices,WEST,18.52941176 - 25.02255639
883,4272,MASOOR DAL PREM LOOSE,COP LOOSE,Masoor Dal,EAST,45.00478469 - 95.58404558
884,4273,MASOOR DAL PREM LOOSE,COP LOOSE,Masoor Dal,NORTH,45.00478469 - 95.58404558
885,4274,MASOOR DAL PREM LOOSE,COP LOOSE,Masoor Dal,SOUTH,45.00478469 - 95.58404558
886,4275,MASOOR DAL PREM LOOSE,COP LOOSE,Masoor Dal,WEST,45.00478469 - 95.58404558
887,345,CHANA KABULI STD LOOSE,COP LOOSE,Kabuli Chana Whole,EAST,51.05170744 - 102.0413804
888,346,CHANA KABULI STD LOOSE,COP LOOSE,Kabuli Chana Whole,NORTH,51.05170744 - 102.0413804
889,347,CHANA KABULI STD LOOSE,COP LOOSE,Kabuli Chana Whole,SOUTH,51.05170744 - 102.0413804
890,348,CHANA KABULI STD LOOSE,COP LOOSE,Kabuli Chana Whole,WEST,51.05170744 - 102.0413804
891,485,DESI ATTA CLASSIC DOSA MIX PP 500g,DESI ATTA,South Indian Mixes,EAST,67.22222222 - 85.26699029
892,486,DESI ATTA CLASSIC DOSA MIX PP 500g,DESI ATTA,South Indian Mixes,NORTH,67.22222222 - 85.26699029
893,487,DESI ATTA CLASSIC DOSA MIX PP 500g,DESI ATTA,South Indian Mixes,SOUTH,67.22222222 - 85.26699029
894,488,DESI ATTA CLASSIC DOSA MIX PP 500g,DESI ATTA,South Indian Mixes,WEST,67.22222222 - 85.26699029
895,2126,GH PRIME GROUNDNUT 500g,GOLDEN HARVEST PRIME,Groundnut,EAST,42.83333333 - 91.02884311
896,2127,GH PRIME GROUNDNUT 500g,GOLDEN HARVEST PRIME,Groundnut,NORTH,42.83333333 - 91.02884311
897,2128,GH PRIME GROUNDNUT 500g,GOLDEN HARVEST PRIME,Groundnut,SOUTH,42.83333333 - 91.02884311
898,2129,GH PRIME GROUNDNUT 500g,GOLDEN HARVEST PRIME,Groundnut,WEST,42.83333333 - 91.02884311
899,2815,GH TUR DAL  PREM 1kg,GOLDEN HARVEST,Toor Dal,EAST,75.32018561 - 109.7368421
900,2816,GH TUR DAL  PREM 1kg,GOLDEN HARVEST,Toor Dal,NORTH,75.32018561 - 109.7368421
901,2817,GH TUR DAL  PREM 1kg,GOLDEN HARVEST,Toor Dal,SOUTH,75.32018561 - 109.7368421
902,2818,GH TUR DAL  PREM 1kg,GOLDEN HARVEST,Toor Dal,WEST,75.32018561 - 109.7368421
903,4570,MOTHER EARTH TUR DAL 500g,MOTHER EARTH,Toor Dal,EAST,88.66497462 - 110.2894737
904,4571,MOTHER EARTH TUR DAL 500g,MOTHER EARTH,Toor Dal,NORTH,88.66497462 - 110.2894737
905,4572,MOTHER EARTH TUR DAL 500g,MOTHER EARTH,Toor Dal,SOUTH,88.66497462 - 110.2894737
906,4573,MOTHER EARTH TUR DAL 500g,MOTHER EARTH,Toor Dal,WEST,88.66497462 - 110.2894737
907,3098,GH WHO SPICE KALONJI 100g,GOLDEN HARVEST,Other Whole Spices,EAST,24.23483871 - 37.47252747
908,3099,GH WHO SPICE KALONJI 100g,GOLDEN HARVEST,Other Whole Spices,NORTH,24.23483871 - 37.47252747
909,3100,GH WHO SPICE KALONJI 100g,GOLDEN HARVEST,Other Whole Spices,SOUTH,24.23483871 - 37.47252747
910,3101,GH WHO SPICE KALONJI 100g,GOLDEN HARVEST,Other Whole Spices,WEST,24.23483871 - 37.47252747
911,2928,GH WHO SPICE BIG SAUNF 100g,GOLDEN HARVEST,Fennel/Saunf Whole,EAST,23.053125 - 40.08141449
912,2929,GH WHO SPICE BIG SAUNF 100g,GOLDEN HARVEST,Fennel/Saunf Whole,NORTH,23.053125 - 40.08141449
913,2930,GH WHO SPICE BIG SAUNF 100g,GOLDEN HARVEST,Fennel/Saunf Whole,SOUTH,23.053125 - 40.08141449
914,2931,GH WHO SPICE BIG SAUNF 100g,GOLDEN HARVEST,Fennel/Saunf Whole,WEST,23.053125 - 40.08141449
915,514,DESI ATTA CO KHAMAN DHOKLA MIX 500g,DESI ATTA,North Indian Mixes,EAST,89.49836066 - 99.22915605
916,515,DESI ATTA CO KHAMAN DHOKLA MIX 500g,DESI ATTA,North Indian Mixes,NORTH,89.49836066 - 99.22915605
917,516,DESI ATTA CO KHAMAN DHOKLA MIX 500g,DESI ATTA,North Indian Mixes,SOUTH,89.49836066 - 99.22915605
918,517,DESI ATTA CO KHAMAN DHOKLA MIX 500g,DESI ATTA,North Indian Mixes,WEST,89.49836066 - 99.22915605
919,5834,SANGIS KITCHEN TEJ PATTA BAYLEAF PP 25g,'SANGI''S KITCHEN',Bay Leaf/Tej Patta W,EAST,16.97817715 - 18.00150698
920,5835,SANGIS KITCHEN TEJ PATTA BAYLEAF PP 25g,'SANGI''S KITCHEN',Bay Leaf/Tej Patta W,NORTH,16.97817715 - 18.00150698
921,5836,SANGIS KITCHEN TEJ PATTA BAYLEAF PP 25g,'SANGI''S KITCHEN',Bay Leaf/Tej Patta W,SOUTH,16.97817715 - 18.00150698
922,5837,SANGIS KITCHEN TEJ PATTA BAYLEAF PP 25g,'SANGI''S KITCHEN',Bay Leaf/Tej Patta W,WEST,16.97817715 - 18.00150698
923,5485,SANGIS KITCHEN ANARDANA SABUT PP 50g,'SANGI''S KITCHEN',Other Whole Spices,EAST,75.66176471 - 90.01517707
924,5486,SANGIS KITCHEN ANARDANA SABUT PP 50g,'SANGI''S KITCHEN',Other Whole Spices,NORTH,75.66176471 - 90.01517707
925,5487,SANGIS KITCHEN ANARDANA SABUT PP 50g,'SANGI''S KITCHEN',Other Whole Spices,SOUTH,75.66176471 - 90.01517707
926,5488,SANGIS KITCHEN ANARDANA SABUT PP 50g,'SANGI''S KITCHEN',Other Whole Spices,WEST,75.66176471 - 90.01517707
927,714,DESI ATTA THALIPEETH MIX PP 500g,DESI ATTA,North Indian Mixes,EAST,78.07692308 - 120.8816667
928,715,DESI ATTA THALIPEETH MIX PP 500g,DESI ATTA,North Indian Mixes,NORTH,78.07692308 - 120.8816667
929,716,DESI ATTA THALIPEETH MIX PP 500g,DESI ATTA,North Indian Mixes,SOUTH,78.07692308 - 120.8816667
930,717,DESI ATTA THALIPEETH MIX PP 500g,DESI ATTA,North Indian Mixes,WEST,78.07692308 - 120.8816667
931,2058,GH PRIME AMARANTH PP 500g,GOLDEN HARVEST PRIME,Millets,EAST,53.79240506 - 164.8618421
932,2059,GH PRIME AMARANTH PP 500g,GOLDEN HARVEST PRIME,Millets,NORTH,53.79240506 - 164.8618421
933,2060,GH PRIME AMARANTH PP 500g,GOLDEN HARVEST PRIME,Millets,SOUTH,53.79240506 - 164.8618421
934,2061,GH PRIME AMARANTH PP 500g,GOLDEN HARVEST PRIME,Millets,WEST,53.79240506 - 164.8618421
935,2660,GH SEASONING DILL BT 10g,GOLDEN HARVEST,Herbs & Seasoning,EAST,9.0 - 90.0
936,2661,GH SEASONING DILL BT 10g,GOLDEN HARVEST,Herbs & Seasoning,NORTH,9.0 - 90.0
937,2662,GH SEASONING DILL BT 10g,GOLDEN HARVEST,Herbs & Seasoning,SOUTH,9.0 - 90.0
938,2663,GH SEASONING DILL BT 10g,GOLDEN HARVEST,Herbs & Seasoning,WEST,9.0 - 90.0
939,1110,GH BADIYAN 50g,GOLDEN HARVEST,Other Whole Spices,EAST,34.16779463 - 78.00795724
940,1111,GH BADIYAN 50g,GOLDEN HARVEST,Other Whole Spices,NORTH,34.16779463 - 78.00795724
941,1112,GH BADIYAN 50g,GOLDEN HARVEST,Other Whole Spices,SOUTH,34.16779463 - 78.00795724
942,1113,GH BADIYAN 50g,GOLDEN HARVEST,Other Whole Spices,WEST,34.16779463 - 78.00795724
943,634,DESI ATTA MODAK PP 500g,DESI ATTA,Rice Based Flour,EAST,41.0 - 52.0646964
944,635,DESI ATTA MODAK PP 500g,DESI ATTA,Rice Based Flour,NORTH,41.0 - 52.0646964
945,636,DESI ATTA MODAK PP 500g,DESI ATTA,Rice Based Flour,SOUTH,41.0 - 52.0646964
946,637,DESI ATTA MODAK PP 500g,DESI ATTA,Rice Based Flour,WEST,41.0 - 52.0646964
947,670,DESI ATTA RAJGIRA/AMARANTH ATTA PP 200g,DESI ATTA,Upwas Flour,EAST,52.15714286 - 65.06632653
948,671,DESI ATTA RAJGIRA/AMARANTH ATTA PP 200g,DESI ATTA,Upwas Flour,NORTH,52.15714286 - 65.06632653
949,672,DESI ATTA RAJGIRA/AMARANTH ATTA PP 200g,DESI ATTA,Upwas Flour,SOUTH,52.15714286 - 65.06632653
950,673,DESI ATTA RAJGIRA/AMARANTH ATTA PP 200g,DESI ATTA,Upwas Flour,WEST,52.15714286 - 65.06632653
951,2350,GH PRIME WHO SPICE MRCH WHOLE PP 50g,GOLDEN HARVEST PRIME,Chilli/Mirch Whole,EAST,16.09756098 - 27.0
952,2351,GH PRIME WHO SPICE MRCH WHOLE PP 50g,GOLDEN HARVEST PRIME,Chilli/Mirch Whole,NORTH,16.09756098 - 27.0
953,2352,GH PRIME WHO SPICE MRCH WHOLE PP 50g,GOLDEN HARVEST PRIME,Chilli/Mirch Whole,SOUTH,16.09756098 - 27.0
954,2353,GH PRIME WHO SPICE MRCH WHOLE PP 50g,GOLDEN HARVEST PRIME,Chilli/Mirch Whole,WEST,16.09756098 - 27.0
955,3151,GH WHO SPICE MUSTARD BIG 200g,GOLDEN HARVEST,Mustard/Rai Whole,EAST,16.79692751 - 28.43353373
956,3152,GH WHO SPICE MUSTARD BIG 200g,GOLDEN HARVEST,Mustard/Rai Whole,NORTH,16.79692751 - 28.43353373
957,3153,GH WHO SPICE MUSTARD BIG 200g,GOLDEN HARVEST,Mustard/Rai Whole,SOUTH,16.79692751 - 28.43353373
958,3154,GH WHO SPICE MUSTARD BIG 200g,GOLDEN HARVEST,Mustard/Rai Whole,WEST,16.79692751 - 28.43353373
959,5882,SANGIS KTCN BALCK PEPPER GRINDER BT 45g,'SANGI''S KITCHEN',Herbs & Seasoning,EAST,96.84210526 - 160.5778125
960,5883,SANGIS KTCN BALCK PEPPER GRINDER BT 45g,'SANGI''S KITCHEN',Herbs & Seasoning,NORTH,96.84210526 - 160.5778125
961,5884,SANGIS KTCN BALCK PEPPER GRINDER BT 45g,'SANGI''S KITCHEN',Herbs & Seasoning,SOUTH,96.84210526 - 160.5778125
962,5885,SANGIS KTCN BALCK PEPPER GRINDER BT 45g,'SANGI''S KITCHEN',Herbs & Seasoning,WEST,96.84210526 - 160.5778125
963,4669,NATURES CHOICE DRIED FIGS ANJEER TB 400g,NATURES CHOICE,Dried Fig,EAST,441.3461538 - 803.7021277
964,4670,NATURES CHOICE DRIED FIGS ANJEER TB 400g,NATURES CHOICE,Dried Fig,NORTH,441.3461538 - 803.7021277
965,4671,NATURES CHOICE DRIED FIGS ANJEER TB 400g,NATURES CHOICE,Dried Fig,SOUTH,441.3461538 - 803.7021277
966,4672,NATURES CHOICE DRIED FIGS ANJEER TB 400g,NATURES CHOICE,Dried Fig,WEST,441.3461538 - 803.7021277
967,1763,GH MOONG DAL CHILKA 500g,GOLDEN HARVEST,Moong Chilka,EAST,45.11036899 - 58.58898137
968,1764,GH MOONG DAL CHILKA 500g,GOLDEN HARVEST,Moong Chilka,NORTH,45.11036899 - 58.58898137
969,1765,GH MOONG DAL CHILKA 500g,GOLDEN HARVEST,Moong Chilka,SOUTH,45.11036899 - 58.58898137
970,1766,GH MOONG DAL CHILKA 500g,GOLDEN HARVEST,Moong Chilka,WEST,45.11036899 - 58.58898137
971,4545,MOTHER EARTH RAJMA CHITRA 500g,MOTHER EARTH,Rajma Whole,EAST,76.92647059 - 105.0
972,4546,MOTHER EARTH RAJMA CHITRA 500g,MOTHER EARTH,Rajma Whole,NORTH,76.92647059 - 105.0
973,4547,MOTHER EARTH RAJMA CHITRA 500g,MOTHER EARTH,Rajma Whole,SOUTH,76.92647059 - 105.0
974,4548,MOTHER EARTH RAJMA CHITRA 500g,MOTHER EARTH,Rajma Whole,WEST,76.92647059 - 105.0
975,2407,GH RAJMA CHITRA WHITE 500g,GOLDEN HARVEST,Rajma Whole,EAST,56.1186897 - 82.47291667
976,2408,GH RAJMA CHITRA WHITE 500g,GOLDEN HARVEST,Rajma Whole,NORTH,56.1186897 - 82.47291667
977,2409,GH RAJMA CHITRA WHITE 500g,GOLDEN HARVEST,Rajma Whole,SOUTH,56.1186897 - 82.47291667
978,2410,GH RAJMA CHITRA WHITE 500g,GOLDEN HARVEST,Rajma Whole,WEST,56.1186897 - 82.47291667
979,2201,GH PRIME MOTH WHOLE PP 500g,GOLDEN HARVEST PRIME,Other Whole Pulses,EAST,32.86597938 - 54.0
980,2202,GH PRIME MOTH WHOLE PP 500g,GOLDEN HARVEST PRIME,Other Whole Pulses,NORTH,32.86597938 - 54.0
981,2203,GH PRIME MOTH WHOLE PP 500g,GOLDEN HARVEST PRIME,Other Whole Pulses,SOUTH,32.86597938 - 54.0
982,2204,GH PRIME MOTH WHOLE PP 500g,GOLDEN HARVEST PRIME,Other Whole Pulses,WEST,32.86597938 - 54.0
983,574,DESI ATTA CORN FLOUR PP 100g,DESI ATTA,Health & Other Flour,EAST,22.73464658 - 26.25093633
984,575,DESI ATTA CORN FLOUR PP 100g,DESI ATTA,Health & Other Flour,NORTH,22.73464658 - 26.25093633
985,576,DESI ATTA CORN FLOUR PP 100g,DESI ATTA,Health & Other Flour,SOUTH,22.73464658 - 26.25093633
986,577,DESI ATTA CORN FLOUR PP 100g,DESI ATTA,Health & Other Flour,WEST,22.73464658 - 26.25093633
987,5399,RICE STEAM KOLAM LOOSE,COP LOOSE,Steam Rice,EAST,25.0 - 50.0
988,5400,RICE STEAM KOLAM LOOSE,COP LOOSE,Steam Rice,NORTH,25.0 - 50.0
989,5401,RICE STEAM KOLAM LOOSE,COP LOOSE,Steam Rice,SOUTH,25.0 - 50.0
990,5402,RICE STEAM KOLAM LOOSE,COP LOOSE,Steam Rice,WEST,25.0 - 50.0
